"06141GN5505";"CAM CHAIN KIT";"44000";"17";"5";"4"
"06141KVB505";"CAM CHAIN KIT";"92500";"17";"5";"7"
"06141KWB505";"CAM CHAIN KIT";"53500";"17";"5";"1"
"061A1KEH003";"GASKET KIT A";"51000";"17";"5";"1"
"061A1KFL003";"GASKET KIT A";"55000";"17";"5";"3"
"061A1kph003";"GASKET KIT A";"62000";"17";"5";"1"
"061A1KVY003";"GASKET KIT A";"130000";"17";"5";"1"
"061B1KEH003";"GASKET KIT B";"57000";"17";"5";"1"
"061B1KFL003";"GASKET KIT B";"58000";"17";"5";"1"
"061B1KPH003";"GASKET KIT B";"49000";"17";"5";"1"
"061B1KVY003";"GASKET KIT B";"51000";"17";"5";"1"
"06381KPH900";"ROD KIT CONNECTING";"230000";"17";"5";"2"
"06401K15900";"DRIVE CHAIN KIT";"287500";"17";"5";"3"
"06401K18900";"DRIVE CHAIN KIT";"255500";"17";"5";"2"
"06401K41N01";"DRIVE CHAIN KIT";"164000";"17";"5";"1"
"06401K45N01";"DRIVE CHAIN KIT";"284000";"17";"5";"2"
"06401K56N00";"DRIVE CHAIN KIT";"254000";"17";"5";"2"
"06401KCJ691";"DRIVE CHAIN KIT";"375000";"17";"5";"1"
"06401KEV881";"DRIVE CHAIN KIT";"176000";"17";"5";"8"
"06401KPH881";"DRIVE CHAIN KIT";"151000";"17";"5";"2"
"06401ktl700";"DRIVE CHAIN KIT";"176000";"17";"5";"9"
"06401KWB900";"DRIVE CHAIN KIT";"163500";"17";"5";"3"
"06401KWC900";"DRIVE CHAIN KIT";"278000";"17";"5";"2"
"06401KWW900";"DRIVE CHAIN KIT";"154000";"17";"5";"2"
"06401KYE900";"DRIVE CHAIN KIT";"274500";"17";"5";"1"
"06401KYZ900";"DRIVE CHAIN KIT";"179000";"17";"5";"2"
"06435K07901";"PAD SET RR";"43500";"17";"5";"3"
"06435K56N01";"PAD SET, RR.";"71500";"17";"5";"1"
"06435KPP901";"PAD SET RR";"43000";"17";"5";"4"
"06435KSPB01";"PAD SET RR";"58000";"17";"5";"3"
"06455K56N01";"PAD SET, FR. BRAKE";"51000";"17";"5";"3"
"06455KPPN01";"PAD SET FR";"55000";"17";"5";"3"
"06455KR3404";"PAD SET FR (NA)";"46000";"17";"5";"2"
"06455KVB401";"PAD SET FR (NA)";"48500";"17";"5";"7"
"06455KVBT01";"PAD SET FR";"51000";"17";"5";"18"
"06455KVY911";"PAD SET FR";"45500";"17";"5";"7"
"06455KWB601";"PAD SET FR";"46000";"17";"5";"2"
"06455KWC901";"PAD SET FR";"53000";"17";"5";"8"
"06535GN5505";"RACE STEERING KIT";"82000";"17";"5";"4"
"06535KTR900";"RACE STEERING KIT";"90000";"17";"5";"3"
"0702S002000IN";"O2 SENSOR WRENCH";"80000";"17";"5";"1"
"074060050000IN";"Fuel Pump Remover";"171000";"17";"5";"1"
"08000k25GRED";"ACC BEAT SPORT RED";"340000";"17";"5";"2"
"08000K25SLV";"ACC KIT BEAT FI SILVER";"340000";"17";"5";"1"
"08000K45REP";"PAKET ACC CBR150R";"900000";"17";"5";"2"
"08000K59GUN";"ACC KIT GUN METAL";"750000";"17";"5";"2"
"08000KVYVRED";"PAKET ACC BEAT 2";"344000";"17";"5";"6"
"08000KZLGRED";"PAKET ACC SPACY";"351000";"17";"5";"1"
"08000KZLGSLV";"PAKET ACC SPACY";"351000";"17";"5";"2"
"08000KZRA00";"ACC KIT VAR125";"395000";"17";"5";"5"
"0800AK56F00 ";"KITA A NEW SUPRA 150";"525000";"17";"5";"3"
"08100KVYZRED";" AKSESORIS KIT BEAT";"344000";"17";"5";"2"
"08100KVYZSLV";"  AKSESORIS KIT BEAT";"344000";"17";"5";"2"
"082322MAU0JN3";" OLI MPX3 20W40 0,8L";"34000";"17";"5";"182"
"082322MBK8JN1";" SCOOTER GEAR OIL";"12000";"17";"5";"66"
"08232M99K1JN1";" OLI MPX2 10W30 0,8L";"39500";"17";"5";"938"
"08232M99K8JN1";" OLI MPX1 10W30 1L";"44500";"17";"5";"45"
"08232M99K8JN9";" OLI MPX1 10W30 0,8L";"37500";"17";"5";"64"
"08234M99K0JN9";" OLI SPX1 10W30 0,8L";"46500";"17";"5";"47"
"08234M99K1JN9";" OLI SPX1 10W30 1L REP";"52500";"17";"5";"53"
"08500M99K8JN1";" OLI MPX1 10W30 1,2L";"52500";"17";"5";"94"
"08600M99K1JN9";"OLI SPX1 10W30 1,2L";"62000";"17";"5";"33"
"08CLAH50500";"   HONDA M/C GENUINE";"17500";"17";"5";"26"
"08F44K61A00";"   COVER FAN POP";"67000";"17";"5";"2"
"08F44K81AGRE";"  COVER FAN SPORTY";"67000";"17";"5";"1"
"08F44KVYVSLV";" GARNISH FAN SILVER";"70000";"17";"5";"4"
"08F47KYT700C";"  KIT TAIL LIGHT GARN";"84000";"17";"5";"2"
"08F47KYT720A";"  KIT HEAD LIGHT";"84000";"17";"5";"2"
"08F71KWB710E";" MAIN PIPE CVR GAR";"85000";"17";"5";"1"
"08F71KWB710F";" MAIN PIPE CVR GAR";"85000";"17";"5";"1"
"08F73KWB710E";"CENTER CVR GAR R/BLU";"90000";"17";"5";"1"
"08F73KWB710F";"CENTER CVR GAR L/BLU";"90000";"17";"5";"1"
"08F81KVB710C";"KEY SHUTTER CVR BLU";"10000";"17";"5";"1"
"08F86KWB710E";"HANDLE RR CVR GAR";"55000";"17";"5";"1"
"08F86KWB710F";"HANDLE RR CVR GAR";"55000";"17";"5";"1"
"08F86KYT740X";"KIT METER RING SILVER";"105000";"17";"5";"2"
"08F88K61A00";"COVER MUFFLER POP";"120000";"17";"5";"2"
"08G00K16RCRO";"ACC KIT SCOOPY GARN";"295000";"17";"5";"1"
"08R00K56F00";"HAND REST GRIP GTR";"77000";"17";"5";"3"
"08R80KWB710A";"METER VISOR BLUE";"128000";"17";"5";"1"
"08R80KYT700";"KIT METER VISOR";"74000";"17";"5";"1"
"08S10K56F00";"WIND SHIELD GTR";"340000";"17";"5";"1"
"08Z50KVY720B";"BEAT MACHO BLACK";"380000";"17";"5";"3"
"1110-94";"SPOKE SET";"22000";"17";"5";"2"
"11103KVB930";"11103KVB901";"16000";"17";"5";"14"
"11108KVB900";"PLATE BEARING SET";"4000";"17";"5";"8"
"11203KVB901";"UNDER RUBBER BUSH";"13000";"17";"5";"6"
"11330KYE900";"COVER COMP. R CRANK";"215000";"17";"5";"1"
"11341KVY960";"COVER L CRANK CASE";"260000";"17";"5";"1"
"11370K07900";"PROTECTOR COMP R";"26000";"17";"5";"1"
"11370KPH880";"PROTECTOR R COVER";"76000";"17";"5";"1"
"11393KGH901";"GASKET R COVER";"22500";"17";"5";"1"
"11393KWK900";"GASKET R COVER";"27500";"17";"5";"1"
"11395KGH901";"GASKET L COVER";"8000";"17";"5";"1"
"11395KVY901";"GASKET L COVER";"34500";"17";"5";"1"
"11395KWK900";"GASKET L COVER";"8000";"17";"5";"1"
"12191GGC900";"GASKET CYLINDER";"7000";"17";"5";"1"
"12191K44V00";"GASKET, CYLINDER";"7500";"17";"5";"1"
"12191KCN001";"GASKET CYLINDER";"5000";"17";"5";"1"
"12191KVB901";"GASKET CYLINDER";"7500";"17";"5";"2"
"12191KVY900";"GASKET CYLINDER";"7500";"17";"5";"1"
"12251KVY901";"GASKET CYLINDER";"15500";"17";"5";"2"
"12361035000";"CAP TAPPET";"8000";"17";"5";"15"
"12391GGC900";"GASKET HEAD COVER";"35000";"17";"5";"3"
"12391KRM840";"GASKET HEAD COVER";"11000";"17";"5";"2"
"12391KWN900";"GASKET,HEAD COVER";"58000";"17";"5";"3"
"12391KWWA80";"GASKET, HEAD COVER";"56000";"17";"5";"2"
"1300AKVY960";"CRANKSHAFT ASSY";"430000";"17";"5";"1"
"1300AKZLC30";"CRANKSHAFT ASSY";"486000";"17";"5";"1"
"1300AKZR600";"CRANKSHAFT ASSY";"520000";"17";"5";"1"
"13031K59A10";"RING SET PISTON (0.50)";"60000";"17";"5";"1"
"13103K36T00";"PISTON (0.50)";"65000";"17";"5";"1"
"13103K44V00";"PISTON (0.50)";"46000";"17";"5";"1"
"13111440001";"PIN PISTON";"13000";"17";"5";"1"
"13115GN5911";"13115GN5910";"500";"17";"5";"2"
"131A2KPH881";"PISTON KIT (0,25)";"140000";"17";"5";"2"
"131A2KRM305";"PISTON KIT (0.25)";"125000";"17";"5";"1"
"131A3KFV951";"PISTON KIT (0.50)";"130000";"17";"5";"1"
"131A3KRM305";"PISTON KIT (0.50)";"125000";"17";"5";"1"
"131A3KVB930";"PISTON KIT (0,50)";"97000";"17";"5";"1"
"131A3KWB920";"PISTON KIT (0,50)";"105000";"17";"5";"1"
"131A3KWN902";"PISTON KIT (0.50)";"102000";"17";"5";"1"
"131A3KZL305";"PISTON KIT (0.50)";"94000";"17";"5";"1"
"14401K18901";"CHAIN, CAM(94L) (FS)";"85000";"17";"5";"1"
"14401K56N01";"CHAIN CAM(120L)";"168000";"17";"5";"4"
"14401KPH901";"CHAIN CAM";"80500";"17";"5";"1"
"14401KPPT01";"CHAIN,CAM";"264000";"17";"5";"1"
"14401KVB901";"CHAIN CAM DID SCR-";"78000";"17";"5";"1"
"14431KGH900";"ARM,VALVE ROCKER";"250000";"17";"5";"1"
"14500KYZ900";"ARM COMP CAM CHAIN";"40000";"17";"5";"1"
"14502086001";"ROLLER CAM CHAIN";"9500";"17";"5";"4"
"14510K56N00";"TENSIONER COMP CAM";"50000";"17";"5";"2"
"14510KZR600";"TENSIONER ASSY., CAM";"20000";"17";"5";"2"
"14541GB4682";"SPRING TENSIONER";"1000";"17";"5";"7"
"1455AKTL6B0";"PUSH ROD ASSY";"38000";"17";"5";"2"
"14610086113";"GUIDE CAM CHAIN";"9900";"17";"5";"2"
"14610KWB600";"ROLLER CAM CHAIN";"17000";"17";"5";"1"
"14611KVB900";"GUIDECAM CHAIN";"3500";"17";"5";"1"
"14711KPH900";"VALVE,INLET";"20500";"17";"5";"1"
"14721KPH880";"VALVE, EXHAUST";"40000";"17";"5";"1"
"15133KPH900";"GEAR, OIL PUMP DRIVEN";"30000";"17";"5";"2"
"15133KVB900";"GEAR OIL PUMP DRIVEN";"24500";"17";"5";"2"
"15133KVY900";"GEAR OIL PUMP DRIVEN";"21500";"17";"5";"1"
"16016KVBS51";"SCREW SET";"40000";"17";"5";"2"
"16046KVY902";"BY STARTER ASSY AUTO";"295000";"17";"5";"1"
"16700K15306";"UNIT ASSY FUEL PUMP";"490000";"17";"5";"1"
"16700K18305";"UNIT ASSY,FUEL PUMP";"493000";"17";"5";"1"
"16700K45N01";"PUMP ASSY FUEL";"600000";"17";"5";"1"
"16700K81N01";"UNIT ASSY,FUEL PUMP";"380000";"17";"5";"2"
"17110KPH880";"PIPE INLET COMP";"34000";"17";"5";"1"
"17200K25SLV";"GARNISH CVR A/C";"65000";"17";"5";"2"
"17200K61A00";"COVER AIR FILTER POP";"65000";"17";"5";"2"
"17210K03N30";"ELEMEN COMP, AIR/C";"42500";"17";"5";"11"
"17210K16900";"ELEMENT COMP., AIR";"50000";"17";"5";"22"
"17210K56N00";"ELEMENT COMP AIR";"55000";"17";"5";"2"
"17210KPH900";"ELEMENT COMP A/C";"30000";"17";"5";"5"
"17210KVB930";"ELEMENT COMP A/C";"54500";"17";"5";"4"
"17210KVY960";"ELEMENT COMP A/C";"52000";"17";"5";"11"
"17210KWB920";"ELEMENT COMP A/C";"35000";"17";"5";"4"
"17210KWC900";"ELEMENT COMP A/C";"44000";"17";"5";"3"
"17210KYZ900";"ELEMENT COMP, AIR/C";"45000";"17";"5";"7"
"17210KZLA00";"ELEMENT COMP A/C";"51500";"17";"5";"19"
"17210KZR600";"ELEMENT COMP, AIR";"54500";"17";"5";"12"
"17211k15900";"ELEMENT COMP,AIR/C";"48000";"17";"5";"5"
"17211K18900";"ELEMENT COMP., A/C";"49500";"17";"5";"3"
"17211KYE900";"ELEMENT COMP A/C";"21000";"17";"5";"5"
"17245K16900";"COVER SUB ASSY., AIR";"28000";"17";"5";"1"
"17518GGLJ00";"DUST SEAL";"2500";"17";"5";"4"
"17572GGLJ00";"O-RING, FUEL PUMP";"13500";"17";"5";"4"
"17620KGH600";"CAP FUEL FILLER";"17500";"17";"5";"2"
"17910K15901";"CABLE COMP THROT";"40000";"17";"5";"1"
"17910K16901";"CABLE COMP THROTTLE";"61000";"17";"5";"2"
"17910K18901";"CABLE COMP A THROT";"64000";"17";"5";"2"
"17910K18902";"CABLE COMP. A,";"83000";"17";"5";"1"
"17910KEV621";"THROTTLE CABLE";"21500";"17";"5";"1"
"17910KSPB01";"CABLE COMP,THROT";"32000";"17";"5";"1"
"17910KTL691";"THROTTLE CABLE";"23500";"17";"5";"4"
"17910KTM780";"CABLE COMP, THROT";"33500";"17";"5";"1"
"17910KTM850";"CABLE COMP THROTTLE";"26000";"17";"5";"3"
"17910KVB904";"CABLE COMP THROTTLE";"70000";"17";"5";"2"
"17910KVG901";"CABLE COMP THROTTLE";"79000";"17";"5";"2"
"17910KWB920";"CABLE COMP, THROT";"22500";"17";"5";"4"
"17910KWC900";"CABLE COMP,THROT";"31500";"17";"5";"2"
"17910KWWA00";"CABLE COMP, THROT";"22000";"17";"5";"3"
"17910KWWA81";"CABLE COMP., THROT";"26000";"17";"5";"6"
"17910KZR601";"CABLE COMP THROTTLE";"65000";"17";"5";"1"
"17920K15901";"CABLE COMP B THROT";"42000";"17";"5";"1"
"17920K18901";"CABLE COMP B THROT";"47000";"17";"5";"1"
"17950KFLD00";"CABLE COMP, CHOKE";"16000";"17";"5";"2"
"17950KWB920";"CABLE COMP, CHOKE";"17000";"17";"5";"2"
"18318K16A00ZA";"PROTECTOR MUFFLER";"80000";"17";"5";"1"
"18318K25900";"PROTECTOR, MUFFLER";"33000";"17";"5";"2"
"18318K59A10";"PROTECTOR, MUFFLER";"30000";"17";"5";"2"
"18318K61900ZA";"PROTECTOR, MUFFLER";"30000";"17";"5";"3"
"18318K81N00ZA";"PROTECTOR MUFFLER";"33000";"17";"5";"3"
"18318KVBN50";"PROTECTOR A MUFFLER";"35000";"17";"5";"2"
"18318KVY901";"PROTECTOR MUFFLER";"17000";"17";"5";"5"
"18318KZL930";"PROTECTOR MUFFLER";"30000";"17";"5";"1"
"18318KZR600";"PROTECTOR, MUFFLER";"36000";"17";"5";"3"
"18805KVY900";"ELEMENT ASV A/C";"3500";"17";"5";"6"
"19104KVB930";"CAP RESERVE TANK";"3500";"17";"5";"4"
"19216KVB900";"GASKET STATOR BASE";"5000";"17";"5";"1"
"19217MAL300";"SEAL MECHANICAL";"51000";"17";"5";"2"
"19505KGH901";"HOSE C RADIATOR";"12000";"17";"5";"1"
"19742KZL930";"CAP L. COVER";"9500";"17";"5";"1"
"22011GCC770";"PIECE SLIDE";"8000";"17";"5";"19"
"22100K25900";"OUTER COMP CLUTCH";"100000";"17";"5";"2"
"22100KVB900";"OUTER COMP CLUTCH";"95000";"17";"5";"1"
"22102KVY900";"FACE DRIVE";"113000";"17";"5";"3"
"22102KZL930";"FACE, DRIVE";"113000";"17";"5";"1"
"22105KVB900";"BOSS DRIVE FACE";"17500";"17";"5";"4"
"22105KVY960";"BOSS DRIVE FACE";"17000";"17";"5";"6"
"22105KZLC00";"BOSS, DRIVE FACE";"20500";"17";"5";"3"
"22110KVB900";"FACE COMP MOVEABLE";"72000";"17";"5";"4"
"22113GFM970";"FINDRIVE FACE";"26000";"17";"5";"2"
"22121KCS651";"CENTER CLUTCH";"55000";"17";"5";"1"
"2212AK36T00";"ROLLER WEIGHT SET";"47000";"17";"5";"8"
"2212AK44V00";"ROLLER WEIGHT SET";"47000";"17";"5";"5"
"2212AKVB900";"ROLLER WEIGHT SET";"60000";"17";"5";"2"
"2212AKVY900";"ROLLER WEIGHT SET";"45000";"17";"5";"1"
"2212AKWN900";"ROLLER WEIGHT SET";"56000";"17";"5";"1"
"22132KWN900";"PIECE,SLIDE";"8000";"17";"5";"6"
"22201107001";"DISK CLUTCH";"100000";"17";"5";"3"
"22201166001";"DISK CLUTCH";"80000";"17";"5";"2"
"22201K56N01";"DISK CLUTCH FRICTION";"110000";"17";"5";"15"
"22201KGH601";"DISK CLUTCH FRICTION";"47500";"17";"5";"10"
"22201KPH901";"DISK CLUTCH FRICTION";"150000";"17";"5";"1"
"22201KPM850";"DISK CLUTCH FRIC";"25000";"17";"5";"3"
"22201KWB603";"DISK CLUTCH FRICTION";"42000";"17";"5";"3"
"22201KWWA01";"DISK CLUTCH FRICTION";"39500";"17";"5";"5"
"22201KYZ901";"DISK CLUTCH FRICTION";"75000";"17";"5";"1"
"22201MJ8001";"DISK CLUTCH FRICTION";"25000";"17";"5";"10"
"22201MR8001";"DISK CLUTCH FRICTION";"32000";"17";"5";"2"
"22321KWW742";"PLATE, CLUTCH";"7000";"17";"5";"4"
"22350107011";"PLATE PRESSURE";"41000";"17";"5";"1"
"22350KVY900";"PLATE COMP DRIVE";"26000";"17";"5";"2"
"22401KPP901";"SPRING,CLUTCH";"5500";"17";"5";"19"
"22401KVB900";"SPRING CLUTCH";"3000";"17";"5";"6"
"22401KVY900";"SPRING CLUTCH";"3500";"17";"5";"21"
"2251725017NR0";"TUBE TIRE (225/250-17)";"29800";"17";"5";"1"
"22530KPH900";"WEIGHT PRIM CLUTCH";"134000";"17";"5";"2"
"22535K44V00";"WEIGHT SET CLUTCH";"105000";"17";"5";"3"
"22535K81N00";"WEIGHT SET CLUTCH";"115000";"17";"5";"1"
"22535KVB900";"WEIGHT SET CLUTCH";"405000";"17";"5";"1"
"22535KVY900";"WEIGHT SET CLUCTH";"123000";"17";"5";"8"
"22535KWN901";"WEIGHT SET CLUTCH";"110000";"17";"5";"18"
"22535KZLA00";"WEIGHT SET CLUTCH";"118000";"17";"5";"3"
"22804148000";"RUBBER  CLUTCH";"2000";"17";"5";"5"
"22804GB2880";"RUBBER CLUTCH";"3000";"17";"5";"7"
"22870K15900";"CABLE COMP CLUTCH";"38000";"17";"5";"3"
"22870K15920";"CABLE COMP., CLUTCH";"36000";"17";"5";"1"
"22870K56N00";"CABLE COMP., CLUTCH";"36000";"17";"5";"2"
"22870K56N10";"CABLE COMP CLUTCH";"35000";"17";"5";"2"
"22870KCJ650";"CABLE COMP,CLUTCH";"34000";"17";"5";"1"
"22870KCJ660";"CABLE COMP CLUTCH";"35000";"17";"5";"3"
"22870KCJ690";"CABLE COMP,CLUTCH";"36000";"17";"5";"2"
"22870KCJ760";"CABLE COMP,CLUTCH";"35500";"17";"5";"1"
"22870KEH600";"CABLE COMP CLUTCH";"43000";"17";"5";"1"
"22870KEH900";"CABLE COMP,CLUTCH";"23000";"17";"5";"1"
"22870KEH930";"CABLE COMP,CLUTCH";"24500";"17";"5";"1"
"22870KWC900";"CABLE COMP,CLUTCH";"24500";"17";"5";"2"
"22870KYE900";"CABLE COMP,CLUTCH";"38000";"17";"5";"2"
"23100K35V01";"BELT DRIVE";"120000";"17";"5";"4"
"23100K36J02";"BELT DRIVE";"130000";"17";"5";"5"
"23100K44V01";"BELT DRIVE";"95000";"17";"5";"2"
"23100KVB901";"BELT DRIVE";"130000";"17";"5";"5"
"23100KVBBA0";"BELT DRIVE KIT";"158000";"17";"5";"10"
"23100KVYBA1";"BELT DRIVE KIT";"123000";"17";"5";"11"
"23100KZLBA0";"BELT DRIVE KIT";"135000";"17";"5";"10"
"23100KZR601";"BELT, DRIVE";"139000";"17";"5";"6"
"23100KZRBA0";"BELT DRIVE KIT";"173000";"17";"5";"12"
"23200KVB900";"DRIVEN FACE ASSY";"220500";"17";"5";"1"
"23205GGC900";"FACE SET DRIVEN";"216000";"17";"5";"1"
"23205KVY900";"FACE SET DRIVEN";"164000";"17";"5";"1"
"23224KVY900";"FACE SET MOVEABLE";"170000";"17";"5";"1"
"23224KZL930";"FACE SET, MOVABLE";"108000";"17";"5";"2"
"23233GCC000";"SPG DRIVEN FACE";"26000";"17";"5";"4"
"23237GCCC50";"COLLAR SEAL";"15500";"17";"5";"2"
"23238GCC000";"COLLAR SPG";"11500";"17";"5";"3"
"23411KVG900";"SHAFT DRIVE (18T)";"129000";"17";"5";"1"
"23411KVY900";"SHAFT DRIVE";"129000";"17";"5";"1"
"23411KZL930";"SHAFT,DRIVE";"129000";"17";"5";"3"
"23411KZR600";"DRIVESHAFT(17T)";"134000";"17";"5";"1"
"23421KVB900";"SHAFT COUNTER (12T)";"98000";"17";"5";"1"
"23422KWN901";"23422KWN900";"82500";"17";"5";"1"
"23801KK1011";"SPROCKET DRIVE";"41000";"17";"5";"1"
"24435KPK900";"24435KPK901";"18500";"17";"5";"1"
"24610KPP900";"SPINDLE COMP,GEAR";"113000";"17";"5";"1"
"24641KBP900";"SP.GRSHFT.ARM";"3500";"17";"5";"10"
"24651KSP910";"SPRING GEAR SHIFT";"5500";"17";"5";"5"
"2751700000NR0";"TUBE TIRE (2.75-17)";"34900";"17";"5";"23"
"28120KVB901";"PINION ASSY START";"182000";"17";"5";"2"
"28223GCC000";"SPRING KICK DRIVEN";"1500";"17";"5";"3"
"28223KZL840";"SPRING KICK DRIVEN";"2000";"17";"5";"2"
"28230KVB902";"GEAR COMP KICK";"52500";"17";"5";"2"
"28230KZL840";"GEAR COMP. KICK";"58000";"17";"5";"2"
"28230KZR600";"GEAR COMP., KICK";"56000";"17";"5";"2"
"28250KVB902";"SPINDLE COMP KICK";"95000";"17";"5";"4"
"28250KZR600";"SPINDLE COMP., KICK";"96000";"17";"5";"1"
"28281KWB600";"SPG KICK RETURN";"7000";"17";"5";"6"
"28300KVB900";"ARM ASSY KICK";"64000";"17";"5";"2"
"28333300000";"SPRING KICK STARTER";"500000";"17";"5";"4"
"30410KVY960";"CDI UNIT";"390000";"17";"5";"1"
"30500K07901";"COIL ASSY IGN";"78000";"17";"5";"1"
"30510KZR601";"COIL COMP., IGNITION";"98000";"17";"5";"1"
"30700K13900";"CAP ASSY NOISE";"72000";"17";"5";"1"
"30700KPH881";"CAP ASSY NOISE";"18500";"17";"5";"1"
"30700KSPB01";"CAP NOISE ASSY";"50000";"17";"5";"2"
"30700KVB931";"CAP ASSY NOISE";"18000";"17";"5";"2"
"30700KVY961";"CAP ASSY NOISE";"42000";"17";"5";"2"
"30700KWN982";"CAP ASSY NOISE";"30000";"17";"5";"2"
"30700KWW641";"CAP ASSY NOISE";"34000";"17";"5";"3"
"30700KZL931";"CAP ASSY NOISE";"33000";"17";"5";"2"
"30700KZLA01";"CAP ASSY NOISE";"33000";"17";"5";"2"
"31120K25902";"STATOR COMP (DS)";"160000";"17";"5";"1"
"31120KVB931";"STATOR COMP";"189000";"17";"5";"1"
"31120KVY961";"STATOR COMP";"173000";"17";"5";"1"
"31120KWWA81";"STATOR COMP";"159000";"17";"5";"1"
"31120KYE902";"STATOR COMP";"151000";"17";"5";"1"
"31213KEE630";"BRACKET COMP FR";"183000";"17";"5";"2"
"31500KPH881";"BATTERY GTZ5S GS";"234000";"17";"5";"5"
"31500KWWA02";"BATTERY YTZ4-V";"227000";"17";"5";"4"
"31500KZR602";"BATTERY(GTZ6V)";"284000";"17";"5";"5"
"31600KRS971";"REGULATOR REC COMP";"105000";"17";"5";"2"
"31600KTMN01";"REGULATOR REC COMP";"241000";"17";"5";"1"
"31600KVBN51";"REGULATOR REC COMP";"111000";"17";"5";"2"
"31600KWW641";"REG RECT COMP";"331000";"17";"5";"2"
"31916KRM841";"SPARK PLUG CPR8EA-9";"13000";"17";"5";"29"
"31916KWB601";"SPARK PLUG CPR6EA-";"13800";"17";"5";"4"
"31926KRM842";"SPARK PLUG CPR9EA-9";"17500";"17";"5";"34"
"31926KWB601";"SPARK PLUG U20EPR9S";"13800";"17";"5";"2"
"31926KYT902";"SPARK PLUG U27EPR-9";"15000";"17";"5";"4"
"31928MFFD01";"SPARK PLUG U24EPR9";"13000";"17";"5";"11"
"33100K16A01";"LIGHT ASSY, HEAD";"600000";"17";"5";"1"
"33100K61900";"HEADLIGHT ASSY";"175000";"17";"5";"1"
"33110K81N01";"UNIT HEAD LIGHT";"110000";"17";"5";"1"
"33110KVBN51";"HEADLIGHT UNIT";"200000";"17";"5";"1"
"33110KVY961";"HEADLIGHT UNIT";"115500";"17";"5";"1"
"33110KZR601";"UNIT,HEAD LIGHT";"262500";"17";"5";"1"
"33130KEV601";"SOCKET COMP";"17000";"17";"5";"3"
"33130KVY961";"SOCKET COMP";"45000";"17";"5";"4"
"33301K07901";"BULB POSITION";"7500";"17";"5";"6"
"33400KTM850";"WINKER ASSY R FR";"40000";"17";"5";"1"
"33400KVB931";"WINKER ASSY R FR";"45000";"17";"5";"1"
"33400KVY961";"WINKER ASSY R FR";"31000";"17";"5";"2"
"33402KTL691";"LENS WINKER R FR";"8500";"17";"5";"1"
"33450K15901";"WINKER ASSY L FR";"115000";"17";"5";"1"
"33450KVB931";"WINKER ASSY L FR";"45000";"17";"5";"1"
"33452KTL691";"LENS WINKER L FR";"8500";"17";"5";"1"
"33650K15921";"WINKER ASSY,L RR";"109000";"17";"5";"1"
"33650KYE901";"WINKER ASSY,L RR";"115000";"17";"5";"1"
"33701K25901";"LENS COMP., TAILLIGHT";"21000";"17";"5";"1"
"33701KTL691";"LENS TAILLIGHT";"16000";"17";"5";"1"
"33701KWWA01";"LENS COMB RR";"30000";"17";"5";"5"
"33703KTL691";"LENS WINKER R RR";"6000";"17";"5";"3"
"33703KVLN01";"LENS COMB TAILLIGHT";"25000";"17";"5";"1"
"33704KVLN01";"BASE COMP TAILLIGHT";"65000";"17";"5";"1"
"33704KWWA01";"BASE COMP TAILLIGHT";"80000";"17";"5";"1"
"34901K18901";"BULB,HEAD LIGHT";"54000";"17";"5";"2"
"34901KC5003";"BULB HEADLIGHT";"125000";"17";"5";"3"
"34901KFVB51";"BULB HEADLIGHT (12V";"17000";"17";"5";"23"
"34901KPH881";"BULB HEADLIGHT";"40000";"17";"5";"2"
"34901KWR004";"BULB HEADLIGHT";"211500";"17";"5";"1"
"34901KZL841";"BULB, HEADLIGHT(12V";"80000";"17";"5";"4"
"34905GM9003";"BULB WINKER";"6000";"17";"5";"9"
"34905KANW01";"WB BULB (12V10W-";"12000";"17";"5";"7"
"34906GB6921";"BULB TAILLIGHT";"10500";"17";"5";"7"
"34906KET940";"BULB TAILLIGHT";"12000";"17";"5";"7"
"34908GA7701";"BULB W BASE";"4000";"17";"5";"7"
"34930KWA930";"BULB (12V10W)";"15000";"17";"5";"7"
"35010KPH900";"KEY SET";"113000";"17";"5";"1"
"35010KVY960";"KEY SET";"200000";"17";"5";"1"
"35150KPH880";"SWITCH UNIT LIGHTING";"33000";"17";"5";"2"
"35160KPH881";"SWITCH UNIT START";"29000";"17";"5";"5"
"35160KWWA01";"SWITCH UNIT START";"26000";"17";"5";"5"
"35170K46N01";"SWITCH UNIT DIMMER";"25000";"17";"5";"3"
"35170K59A11";"SWITCH UNIT DIMMER";"25000";"17";"5";"6"
"35170kph651";"SWITCH UNIT DIMMER";"26000";"17";"5";"7"
"35170KWWA01";"SWITCH UNIT DIMMER";"20000";"17";"5";"8"
"35170KYZ901";"SWITCH UNIT DIMMER";"15000";"17";"5";"5"
"35180KPH881";"SWITCH UNIT HORN";"29000";"17";"5";"6"
"35180KWWA01";"SWITCH UNIT HORN";"26000";"17";"5";"6"
"35190KWN902";"SW UNIT, IDLE";"40000";"17";"5";"2"
"35200K03N31";"SW UNIT,WINKER";"25000";"17";"5";"1"
"35200K47N01";"SWITCH UNIT, WINKER";"18000";"17";"5";"1"
"35200KPH901";"SWITCH UNIT WINKER";"41000";"17";"5";"2"
"35200KVB851";"SWITCH UNIT WINKER";"30000";"17";"5";"6"
"35200KVB900";"SWITCH UNIT WINKER";"30000";"17";"5";"2"
"35200KWWA01";"SWITCH UNIT WINKER";"30000";"17";"5";"2"
"35200KYZ901";"SWITCH UNIT WINKER";"28000";"17";"5";"6"
"35340GW3980";"SWITCH FR STOP";"55000";"17";"5";"3"
"35345GW0900";"SWITCH FR STOP";"11000";"17";"5";"15"
"35700KVY900";"SWITCH ASSY SIDE";"230000";"17";"5";"1"
"35850K18901";"SWITCH ASSY.,";"55000";"17";"5";"1"
"36532K18901";"SENSOR OXYGEN";"320000";"17";"5";"1"
"37100KCJ691";"METER ASSY,COMB";"1750000";"17";"5";"1"
"37200K16A01";"SPEEDOMETER ASSY.";"309000";"17";"5";"1"
"37200KWW911";"SPEEDOMETER ASSY";"360000";"17";"5";"1"
"37211KVB901";"LENS";"19000";"17";"5";"1"
"37211KVBT01";"LENS";"20500";"17";"5";"1"
"37224KWWA01";"SOCKET COMP";"152000";"17";"5";"1"
"37800K03H01";"FUEL UNIT";"96500";"17";"5";"1"
"37800k16901";"FUEL UNIT";"83000";"17";"5";"1"
"37800KCJ661";"FUEL UNIT";"117000";"17";"5";"1"
"37800KPH901";"FUEL UNIT";"76000";"17";"5";"1"
"37800KVY961";"FUEL UNIT";"58000";"17";"5";"2"
"37800KWB920";"FUEL UNIT";"66000";"17";"5";"2"
"37800KWWA81";"FUEL UNIT ASSY";"52000";"17";"5";"1"
"37800KZR601";"FUEL UNIT";"70000";"17";"5";"1"
"38110KTM851";"HORN COMP (HIGH)";"33000";"17";"5";"8"
"38300KRS971";"RELAY ASSY WINKER";"37000";"17";"5";"1"
"38301K16901";"RELAY COMP WINKER";"30000";"17";"5";"2"
"38501kvb901";"RELAY COMP,START";"36000";"17";"5";"1"
"38501KVZ631";"38501KWN901";"20500";"17";"5";"1"
"38770K25901";"PGM-FI UNIT";"512000";"17";"5";"1"
"38770K33N03";"UNIT COMP PGM-FI";"1100000";"17";"5";"1"
"40510K15920";"CASE,DRIVE CHAIN";"41000";"17";"5";"1"
"41201GN5900";"SPROCKET DRIVEN";"75000";"17";"5";"1"
"41201KPH882";"SPROCKET DRIVEN 35T";"61000";"17";"5";"1"
"41241307012";"DAMPER,RR WHEEL SET";"38000";"17";"5";"3"
"41241GB4770";"DAMPER RR SET";"10000";"17";"5";"4"
"41241KFL850";"DAMPER RR SET";"11500";"17";"5";"3"
"41241KSP900";"DAMPER RR WHEEL";"27000";"17";"5";"2"
"41241KW7881";"RUBBER DAMPER RR";"19500";"17";"5";"6"
"41241KWB601";"DAMPER WHEEL SET";"14500";"17";"5";"4"
"42301KWB600";"AXLE RR WHEEL";"21000";"17";"5";"2"
"42701KVG900";"RIM RR WHEEL";"240000";"17";"5";"2"
"42711K46N00";"TIRE RR (90/90-";"192000";"17";"5";"1"
"42711K56N00";"TIRE, RR";"250000";"17";"5";"1"
"42711K59A12";"TIRE RR (90/90-14";"217000";"17";"5";"2"
"42711KTM850";"TIRE, RR (80/90-17";"184500";"17";"5";"1"
"42711KWB922";"TIRE, RR (80/90-17";"203000";"17";"5";"1"
"42711KWW010";"TIRE, RR (80/90-17";"184500";"17";"5";"3"
"42711KYE911";"TIRE, RR (100/90-17";"310000";"17";"5";"1"
"43001K56F00";"HAND GUARD GTR";"340000";"17";"5";"2"
"43111K56F00";"REAR CARRIER GTR";"375000";"17";"5";"3"
"43125KGA902";"SHOE COMP BRAKE (NA)";"47500";"17";"5";"3"
"43125KPH903";"SHOE COMP BRAKE (NA)";"33500";"17";"5";"12"
"43130KZL930";"BRAKE SHOE";"46500";"17";"5";"60"
"43251KCJ672";"DISK RR BRAKE";"165000";"17";"5";"1"
"43351KTMN31";"DISK RR BREAKE";"130000";"17";"5";"1"
"43450K46N01";"CABLE COMP RR BRK";"75000";"17";"5";"1"
"43450KVB930";"CABLE COMP,RR BRK";"54000";"17";"5";"2"
"43450KVY900";"CABLE COMP,RR BRK";"52000";"17";"5";"1"
"43450KZR611";"CABLE COMP RR BRK";"60000";"17";"5";"1"
"43472KVB900";"SPRING RR BRAKE ARM";"1000";"17";"5";"4"
"43513KBP882";"43513KBP881";"32000";"17";"5";"1"
"44301GN5900";"AXLE FR WHEEL";"17000";"17";"5";"2"
"44301KVG950";"AXLE FR WHEEL";"18000";"17";"5";"5"
"44601KVB911";"HUB FR WHEEL";"150000";"17";"5";"1"
"44601KWC901";"CAST, WHEEL FR (MA AX";"625000";"17";"5";"1"
"44650K81N00ZA";"WHEEL SUB ASSY,";"569000";"17";"5";"1"
"44680KSPB00";"RETAINER GEAR BOX";"2500";"17";"5";"7"
"44711K56N00";"TIRE, FR";"200000";"17";"5";"1"
"44711K59A12";"TIRE FR (80/90-14";"189000";"17";"5";"3"
"44711KTM850";"TIRE, FR (70/90-17";"143000";"17";"5";"4"
"44711KWB922";"TIRE, FR (70/90-17";"155000";"17";"5";"5"
"44711KWW010";"TIRE, FR (70/90-17";"143000";"17";"5";"2"
"44711KYE911";"TIRE, FR (80/100-17";"201000";"17";"5";"1"
"44712KZT901";"TUBE, TIRE";"32400";"17";"5";"2"
"44800K25900";"BOX ASSY.,";"40000";"17";"5";"5"
"44800KVB910";"BOX SPEEDOMETER";"65000";"17";"5";"5"
"44800KWW650";"GEAR BOX ASSY SPDMT";"34500";"17";"5";"6"
"44830KCJ650";"CABLE ASSY.,SPDMT";"26500";"17";"5";"1"
"44830KEV651";"SPEEDOMETER CABLE";"20000";"17";"5";"1"
"44830KEV881";"SPEEDOMETER CABLE";"17500";"17";"5";"8"
"44830KTL690";"CABLE COMP";"24000";"17";"5";"2"
"44830KTM880";"CABLE COMP, SPDMT";"23000";"17";"5";"6"
"44830KVBT00";"CABLE COMP,SPDMT";"25000";"17";"5";"1"
"44830KVY721";"CABLE COMP,SPDMT";"22000";"17";"5";"11"
"44830KW1900";"CABLE,SPEEDOMTR";"23000";"17";"5";"1"
"44830KWB940";"CABLE COMP,SPDMT";"25000";"17";"5";"2"
"44830KWWA00";"CABLE COMP, SPDMT";"23000";"17";"5";"3"
"44830KWWA82";"CABLE COMP., SPDMT";"22500";"17";"5";"2"
"45120001011";"BRAKE SHOE (NA)";"32500";"17";"5";"18"
"45251K15901";"DISK FR BRAKE (SS)";"195000";"17";"5";"1"
"45251KPH881";"DISK FR BRAKE";"145000";"17";"5";"1"
"45251KWB921";"DISK FR BRAKE";"145000";"17";"5";"1"
"45530471831";"CYLINDER SET,MAS";"72000";"17";"5";"1"
"45530KET920";"CYLINDER SET MASTER";"68000";"17";"5";"4"
"45530KVY911";"CYLINDER SET MASTER";"68000";"17";"5";"5"
"46500K07900";"PEDAL COMP. BRAKE";"50000";"17";"5";"1"
"50260K15900ZD";" SHROUD R(BLK)";"113000";"17";"5";"1"
"50290KCJ650";"SHROUD L INNER";"14000";"17";"5";"1"
"50352KVB900";"RUBBER LINK STOPPER";"6000";"17";"5";"2"
"5038AKVBN50";"BOX ASSY BATTERY";"89000";"17";"5";"1"
"50415KYT940";"CAP REAR GRAB END";"1500";"17";"5";"1"
"50503KVY900";"SHAFT MAIN STAND";"12500";"17";"5";"5"
"50520KVB900";"SPRING MAIN STAND";"3500";"17";"5";"2"
"50530K25900";"BAR COMP., SIDE";"22000";"17";"5";"1"
"50603033010";"PIN,STEP BAR JOINT";"25000";"17";"5";"2"
"50605KVLT30";"HOLDER R PILLION STEP";"174000";"17";"5";"1"
"50610K15900";"RUBBER,MAIN STEP";"20500";"17";"5";"2"
"50613K15900";"PLATE, STEP SETTING";"8500";"17";"5";"1"
"50614K15900";"PLATE,MAIN STEP CLICK";"7500";"17";"5";"2"
"50615K84A00";"HEEL GUARD";"180000";"17";"5";"2"
"50650KGH600";"HOLDER R MAIN STEP";"95000";"17";"5";"1"
"50706K41N00ZA";"GUARD L PIVOT COVER";"11000";"17";"5";"1"
"5071AK25900";"BAR, R. PILLION STEP";"22500";"17";"5";"1"
"5071BK25900";"BAR, L. PILLION STEP";"22500";"17";"5";"1"
"51401KPH971";"SPRING FR FORK";"17000";"17";"5";"2"
"51401KVB901";"SPRING FR";"17500";"17";"5";"2"
"51401KVBT01";"SPRING FR FORK";"21000";"17";"5";"2"
"51401KWW641";"SPRING FR FORK";"18500";"17";"5";"1"
"51401KYE901";"SPRING FR FORK";"29000";"17";"5";"2"
"51410K15901";"PIPE COMP FR FORK";"230000";"17";"5";"1"
"51410K18901";"PIPE COMP FR FORK";"218000";"17";"5";"1"
"51410K45N01";"PIPE COMP FR FORK";"240000";"17";"5";"1"
"51410KTM881";"PIPE COMP FR FORK";"132500";"17";"5";"2"
"51410KVB901";"PIPE COMP FR FORK";"132500";"17";"5";"3"
"51410KVY731";"PIPE COMP FR FORK";"132500";"17";"5";"2"
"51410KZLA01";"PIPE COMP FR FORK";"138000";"17";"5";"8"
"51420KVY871";"CASE R FR BOTTOM (MA";"165000";"17";"5";"1"
"51420KZR600";"CASE R FR BOTTOM";"163000";"17";"5";"1"
"51425GN5901";"DUST SEAL FR FORK";"19000";"17";"5";"1"
"51490gaa305";"SEAL SET FR FORK";"43000";"17";"5";"3"
"51490GN5305";"SEAL SET FR FORK";"40000";"17";"5";"6"
"51490KC5305";"SEAL SET FR FORK";"32500";"17";"5";"3"
"51490KGH902";"SEAL SET FR FORK";"37000";"17";"5";"3"
"51490KRM852";"SEAL SET FR FORK";"78000";"17";"5";"8"
"52400K25901";"CUSHION ASSY RR";"207000";"17";"5";"1"
"52400KEV882";"CUSHION ASSY RR";"140000";"17";"5";"2"
"52400KPH720";"CUSHION ASSY RR";"201000";"17";"5";"1"
"52400KVY961";"CUSHION ASSY RR";"232000";"17";"5";"3"
"52400KZLA01";"CUSHION ASSY RR";"212000";"17";"5";"1"
"52400KZR600";"CUSHION ASSY RR";"221000";"17";"5";"1"
"5240AKTM850ZB";"CUSHION ASSY RR (SET)";"360000";"17";"5";"1"
"53100K15900";"PIPE STRG HANDLE";"62000";"17";"5";"1"
"53100K15920ZA";"PIPE STEERING HANDLE";"55000";"17";"5";"1"
"53100K25910";"PIPE COMP STEERING";"95000";"17";"5";"1"
"53100KVBN60";"PIPE COMP STRG HDL";"131000";"17";"5";"1"
"53100KWB920";"PIPE COMP STRG";"132000";"17";"5";"2"
"53100KZR600";"PIPE COMP STRG HAND";"145000";"17";"5";"1"
"53105KRC900";"ENDSTRG HDL";"1500";"17";"5";"6"
"5310BK25900";"53100K25900";"116000";"17";"5";"1"
"53140K03N30";"GRIP COMP, THROT";"10000";"17";"5";"1"
"53140KVB900";"GRIP COMP THROT";"17000";"17";"5";"2"
"53140KVBT00";"GRIP COMP THROT";"12500";"17";"5";"2"
"53166K07900";"GRIP L HDL";"10000";"17";"5";"1"
"53166KSPA70";"GRIP L HDL";"11000";"17";"5";"1"
"53166KVB900";"GRIP L HDL";"11500";"17";"5";"1"
"53166KWB600";"GRIP L HDL";"10000";"17";"5";"2"
"53175KEH601";"LEVER R STRG HDL";"20000";"17";"5";"2"
"53175KET920";"LEVER R HANDLE";"62000";"17";"5";"2"
"53175KRST80";"LEVER R STRG HDL";"37000";"17";"5";"2"
"53175KSPB51";"LEVER R STRG HNDL";"32000";"17";"5";"2"
"53175KVB921";"LEVER R STRG HDL";"62000";"17";"5";"1"
"53175KVB930";"LEVER R STRG HANDLE";"74000";"17";"5";"2"
"53175KVGA21";"LEVER R STRG HDL";"48000";"17";"5";"2"
"53175KWN901";"LEVER,R STRG HNDL";"98000";"17";"5";"3"
"53178K25910";"LEVER L STRG HANDLE";"26000";"17";"5";"2"
"53178K59A10";"LEVER L,STRG HANDLE";"32000";"17";"5";"3"
"53178KEH601";"  LEVER COMP L HDL";"26000";"17";"5";"2"
"53178KVB900";"  LEVER L STRG HDL";"25000";"17";"5";"3"
"53178KVB930";"  LEVER L STRG HDL";"40000";"17";"5";"4"
"53178KVBN60";" LEVER L STRG HANDLE";"48000";"17";"5";"3"
"53178KVGA20";" LEVER,L STRG HANDLE";"96000";"17";"5";"1"
"53178KWC900";"  LEVER L STRG HDL";"40000";"17";"5";"2"
"53178KWN930";"   LEVER,L STRG HANDLE";"61000";"17";"5";"2"
"53178KYT900";"   LEVER L STRG HDL";"28000";"17";"5";"2"
"53199KVG910";"  SPRING BRAKE LEVER";"3000";"17";"5";"5"
"53200KVY720";"  STEM COMP STRG (BLK)";"372000";"17";"5";"1"
"53203K07900ZD";" COVER R HDL TOP(AF";"36000";"17";"5";"1"
"53204K07900ZD";" COVER L HDL TOP(AF";"36000";"17";"5";"1"
"53206K59A10ZA";" COVER HDL. RR.";"35000";"17";"5";"1"
"53206K81N00ZA";" COVER HANDLE RR";"25000";"17";"5";"1"
"53206k81n10ZA";"COVER HANDLE RR R";"20000";"17";"5";"1"
"53206KWB920";"COVER ASSY HDL RR";"25000";"17";"5";"3"
"53206KWC900";"COVER HDL LWR";"28000";"17";"5";"1"
"53209GAH000";"CLIP HEADLIGHT";"3000";"17";"5";"4"
"5320BKVB930";"COVER ASSY HDL RR";"77000";"17";"5";"1"
"53220GN5900";"THREAD HEAD TOP";"21000";"17";"5";"4"
"61100K15900ZD";" FENDER FR(CN PM RD)";"226000";"17";"5";"1"
"61100K16900ZP";" FENDER FR(CN SC RD)";"249000";"17";"5";"1"
"61100K18900ZD";" FENDER FR(BLK)";"184000";"17";"5";"1"
"61100K46N00ZB";" FENDER FR(PL FD WH)";"185000";"17";"5";"1"
"61100K61900ZC";" FENDER FR (BLK)";"127000";"17";"5";"3"
"61303K18900ZA";" COWL L FR SD(VO SL";"53000";"17";"5";"1"
"6130AK18900";"   VISOR FR ASSY";"40000";"17";"5";"1"
"61311KCJ660";"  STAY HEADLIGHT";"49500";"17";"5";"1"
"61313KCJ660ZA";" BRACKET R HEADLIGHT";"34000";"17";"5";"1"
"61314KCJ660ZA";" BRACKET L HEADLIGHT";"34000";"17";"5";"1"
"61315KCJ660";"STAY VISOR";"61000";"17";"5";"1"
"61401K56F00";"  FR FORK PROTECTOR";"96000";"17";"5";"2"
"64100KCJ660";"    VISOR SET FR";"33000";"17";"5";"2"
"64300K15BLA";"  UNDERCOWL SET";"290000";"17";"5";"1"
"64300K61A00";"  RUBBER STEP FLOOR";"180000";"17";"5";"2"
"64305K81H00ZA";" COVER FR TOP GREEN";"25000";"17";"5";"1"
"64308KZR600ZB";"COVER FR LOWER(BLK)";"77000";"17";"5";"1"
"6430AK15RWH";"UNDERCOWL RWHITE";"200000";"17";"5";"4"
"6430BKVB900";"COVER SET L FLOOR SD";"39000";"17";"5";"1"
"64310KVBN50";"STEP SET FLOOR";"100000";"17";"5";"1"
"6431BK07900";"COVER M/P SET";"135000";"17";"5";"1"
"64320K46N00";"COVER R FLOOR SD";"39000";"17";"5";"1"
"6432AK45BLA";"   Under Grill Cover";"150000";"17";"5";"1"
"64330K07900ZB";" COVER L M/P SD(ST SL";"331000";"17";"5";"1"
"64340K07900ZA";" COVER CENTER";"17000";"17";"5";"1"
"64340kyt900";"   COVER UNDER ASSY";"89000";"17";"5";"1"
"64360K07900ZB";" COVER L INNER LEG";"11000";"17";"5";"1"
"64440KVLN00";"  COVER L FR LEG SHIELD";"86000";"17";"5";"2"
"64450K84A00";"   SKID PLATE";"330000";"17";"5";"2"
"64460K25600";"   LID,BATTERY";"12000";"17";"5";"2"
"64470KWC900";" COVER HEAD LGHT UP";"16000";"17";"5";"1"
"64560K03N30ZA";" COVER R BODY LWR";"19000";"17";"5";"4"
"65300K81000";"  DOUBLE STEP FLOOR";"220000";"17";"5";"2"
"77200KWWA40";" SEAT ASSY DOUBLE";"162000";"17";"5";"1"
"8010AK41N00ZA";" FENDER RR ASSY";"86000";"17";"5";"1"
"8010AKYT940";"   FENDER RR ASSY";"92000";"17";"5";"1"
"80131KZL930";"   COVER L RR WINKER";"5000";"17";"5";"1"
"81132GAH000";"  HOOK LUGGAGE";"1500";"17";"5";"8"
"81134K16900YF";" COVER INR UPPER (BLK)";"44000";"17";"5";"1"
"8114AK59A10ZB";" COVER INNER LWR ASSY";"94000";"17";"5";"1"
"83450K15G0BLA";" Single Seat Cowl BLACK";"360000";"17";"5";"2"
"83450K15G0WHI";" Single Seat Cowl WHITE";"360000";"17";"5";"2"
"83450K45GRED";" Single Seat Cowl RED";"650000";"17";"5";"1"
"83450K45GWHI";" Single Seat Cowl WHITE";"650000";"17";"5";"1"
"83500K45GBLA";" KIT Fender Eliminator";"520000";"17";"5";"1"
"83520KZL930ZA ";" COVER R FLOOR SD";"36000";"17";"5";"1"
"83540KCJ660ZA";" COVER R SD(SH SL MT)";"101000";"17";"5";"1"
"83600K93N00ZA";" COVER L BODY";"395000";"17";"5";"1"
"83650K25900ZA";" COVER L RR SIDE";"17000";"17";"5";"1"
"87100AHARWBL";" HELMET HRC RWB L";"360000";"17";"5";"1"
"87100HFHCM";"  HONDA CLASSIC";"230000";"17";"5";"1"
"87100MHRRXL";"  Honda RRX Helmet (L)";"599000";"17";"5";"1"
"87100MHRRXXL";" Honda RRX Helmet (XL)";"599000";"17";"5";"1"
"87100MXCRFL";"   HONDA CRF HELMET (L)";"350000";"17";"5";"1"
"87100MXCRFXL";" HONDA CRF HELMET";"350000";"17";"5";"1"
"871X0K56FGRE";" WHEEL STICKER GREY";"56000";"17";"5";"1"
"871X0K56FYEL";"  WHEEL STICKER";"56000";"17";"5";"3"
"871X0K61ARTBA";" STICKER B POP ART";"50000";"17";"5";"2"
"871X0K61ARTMA";"STICKER B POP ART";"50000";"17";"5";"2"
"871X0K61BLA";"  STICKER BEAT POP";"50000";"17";"5";"3"
"871X0K61PIXBA";" STICKER B POP PIXEL";"50000";"17";"5";"2"
"871X0K61PIXRE";" STICKER B POP PIXEL";"50000";"17";"5";"1"
"871X0K61RED";"  STICKER BEAT POP RED";"50000";"17";"5";"2"
"871X0K61WHI";"  STICKER BEAT POP";"50000";"17";"5";"2"
"871X0K6ARTBL";" STICKER B POP ART";"50000";"17";"5";"2"
"871X0K81ARED";" WHEEL STICKER RED";"56000";"17";"5";"1"
"871X0KVY600ZE";" STRIPE PINK L";"65000";"17";"5";"1"
"871X0KWWA40Z";" STRIPE BLACK RED L";"115000";"17";"5";"1"
"871X0SPTRED";"   Wheel Sticker Sport Red";"50000";"17";"5";"1"
"88110K25900";"   MIRROR ASSY,R BACK";"37000";"17";"5";"3"
"88110K61900";"   MIRROR ASSY,R BACK";"37000";"17";"5";"2"
"88110kcj660";"   MIRROR ASSY R BACK";"46000";"17";"5";"2"
"88110KCJ690";"MIRROR R BACK";"29000";"17";"5";"2"
"88110KVY700";"MIRROR ASSY R BACK";"26000";"17";"5";"3"
"88110kwwa00";"MIRROR ASSY R BACK";"45000";"17";"5";"1"
"88110KWWA40";"MIRROR ASSY R BACK";"31000";"17";"5";"2"
"88110KZR600";"MIRROR ASSY R";"39000";"17";"5";"1"
"88120K25900";"MIRROR ASSY,L BACK";"37000";"17";"5";"3"
"88120K61900";"MIRROR ASSY,L BACK";"37000";"17";"5";"3"
"88120KCJ660";"MIRROR ASSY L BACK";"46000";"17";"5";"1"
"88120KCJ690";"MIRROR L BACK";"29000";"17";"5";"1"
"88120KVY700";"MIRROR ASSY L BACK";"26000";"17";"5";"5"
"88120KVY960";"MIRROR ASSY L BACK";"37000";"17";"5";"1"
"88120KWWA40";"MIRROR ASSY L BACK";"31000";"17";"5";"1"
"90001KVY900";"BOLT FLANGE 6X10";"1000";"17";"5";"1"
"90017GCC000";"BOLT HEAD COVER";"2500";"17";"5";"7"
"90084KCJ670";"CAP A.C. GENERATOR";"4000";"17";"5";"2"
"90108K15900";"BOLT,SPECIAL 5X14";"4000";"17";"5";"4"
"90131883000";"BOLT DRAIN PLUG";"2500";"17";"5";"19"
"90202KN7670";"NUT SPECIAL 30MM";"9500";"17";"5";"2"
"90311K15900";"COLLAR,6MM";"2500";"17";"5";"2"
"90664kej900";"CIRCLIP EX 53";"10500";"17";"5";"1"
"91001KSP913";"BEARING ROLLER";"142000";"17";"5";"1"
"91002KPH901";"AHB6322";"75000";"17";"5";"1"
"91002KVY901";"BRG BALL RADIAL 6007";"39000";"17";"5";"2"
"91005KVB900";"BEARING RADIAL BALL";"103000";"17";"5";"6"
"91009KVB903";"BRG,BALL RADIAL 60/22";"37500";"17";"5";"6"
"91009KVY961";"BRG BALL RADIAL";"26000";"17";"5";"2"
"91071KSP901";"BRG.NEEDLE 20X26X20";"25000";"17";"5";"4"
"91109KVY901";"BRG NEEDLE 20X29X18";"30000";"17";"5";"4"
"91201GB4691";"OIL SEAL, 30X42X4.5";"4000";"17";"5";"12"
"91201GCC771";"OIL SEAL 16X26X7";"4000";"17";"5";"5"
"91201K44V01";"OIL SEAL,20.8X30.5X6";"3500";"17";"5";"3"
"91201KCW851";"OIL SEAL 19.8 X 30 X 7";"7000";"17";"5";"4"
"91202302010";"OIL SEAL,13.8 X 24 X 5";"2000";"17";"5";"8"
"91202GB4692";"OIL SEAL, 18.9X28X5";"3000";"17";"5";"4"
"91202KJ9003";"OIL SEAL 20X32X6";"6500";"17";"5";"9"
"91202KVB901";"OIL SEAL 20.8X52X7.5";"6000";"17";"5";"12"
"91202KWN902";"91202KWN901";"5000";"17";"5";"4"
"91203436004";"OIL SEAL 12X24X 5";"5500";"17";"5";"1"
"91203KSP911";"OIL SEAL,14X22X5";"4500";"17";"5";"3"
"91204K35J01";"OIL SEAL 34X52X7";"43000";"17";"5";"2"
"91204KWN901";"OIL SEAL,34X52X7";"5000";"17";"5";"5"
"91206286014";"OIL SEAL, 14x28x7";"4000";"17";"5";"2"
"91211GK8013";"OIL SEAL 34X39X3";"7500";"17";"5";"5"
"91211KN7671";"SEAL DRIVEN FACE";"9000";"17";"5";"5"
"91211PE9003";"OIL SEAL, 16X26X6";"5000";"17";"5";"7"
"91251KPH901";"DUST SEAL 21 X 37 X 7";"4500";"17";"5";"2"
"91252KZR601";"DUST SEAL, 25X40X5";"7000";"17";"5";"1"
"91253KZR601";"DUST SEAL, 25X35X6";"8000";"17";"5";"2"
"91255KVB902";"OIL SEAL 29X44X7";"4000";"17";"5";"5"
"91372KPH900";"O-RING, TAPP ADJ";"15000";"17";"5";"5"
"91600K84A00";"REAR RACK";"340000";"17";"5";"2"
"91700K84A00";"BAR PAD";"100000";"17";"5";"2"
"92501060160A";"BOLT,HEX,CAP 6X16";"4000";"17";"5";"2"
"9410208000";"WASHER,PLAIN 8MM";"2700";"17";"5";"2"
"9420120150";"PIN COTTER 2.0X15";"3000";"17";"5";"2"
"9501421201";"HOLDER A2,HANDLE";"55000";"17";"5";"2"
"9501472102";"SPRING A SIDE STAND";"3500";"17";"5";"7"
"9621108000";"BALL,STEEL 8";"2000";"17";"5";"4"
"9805657723";"SPARK PLUG U22FSU";"12400";"17";"5";"9"
"9805957927";"SPARK PLUG U22FER9";"21700";"17";"5";"9"
"9805958826";"SPARK PLUG U24ESR-N";"13000";"17";"5";"3"
"9806786871";"SPARK PLUG U20EPR9";"13000";"17";"5";"8"
"9806786881";"SPARK PLUG CPR6EA9";"13000";"17";"5";"44"
"9806958921";"SPARK PLUG X24EPU9";"12400";"17";"5";"3"
"9820041501";"9820041500";"3000";"17";"5";"5"
"9820042000";"FUSE F20A (MINI)";"5000";"17";"5";"9"
"9820042500";"FUSE, MINI(25A)";"2000";"17";"5";"6"
"ACG10GR";"AHM CVT GREASE 10 GR";"11000";"17";"5";"15"
"ACL70ML";"AHM CHAIN LUBE 70 ML";"18000";"17";"5";"28"
"AHB6302RS";"BEARING BALL (SET)";"53500";"17";"5";"1"
"AHB6322";"BEARING BALL (SET)";"148000";"17";"5";"3"
"AHB6501RS";"BEARING BALL (SET)";"42000";"17";"5";"9"
"AHBL0001001";"HONDA BALACLAVA";"110000";"17";"5";"2"
"AHGL0101008";"HRR DAILY GLOVE";"135000";"17";"5";"1"
"AHGL0102008";"HRR DAILY GLOVE RED";"135000";"17";"5";"2"
"AHGL0201008";"HRR DAILY GLOVE";"135000";"17";"5";"2"
"AHGL0202008";"HRR DAILY GLOVE RED";"135000";"17";"5";"1"
"AHJK0101005";"BEAT SUEDE HOODIE - L";"350000";"17";"5";"1"
"AHJK0101011";"HRR TOURING JACKET";"550000";"17";"5";"1"
"AHJK0201008";"Honda Leather Jacket - L";"310000";"17";"5";"1"
"AHJK0201011";"HRR TOURING JACKET";"550000";"17";"5";"1"
"AHJK0201015";"HONDA CLASSIC JACKET";"335000";"17";"5";"1"
"AHJK0301013";"Honda Touring Jacket";"355000";"17";"5";"1"
"AHJP0001002";"VARIO 125 JUMPER";"270000";"17";"5";"3"
"AHJP0101002";"VARIO 125 JUMPER";"270000";"17";"5";"3"
"AHK00101011";"HRC SHIRT NAVY BLUE -";"154000";"17";"5";"1"
"AHK00301011";"HRC SHIRT NAVY BLUE -";"154000";"17";"5";"1"
"AHPS0002007";"CBR 250 POLO SHIRT W-";"115000";"17";"5";"2"
"AHPS0102007";"CBR 250 POLO SHIRT W-";"115000";"17";"5";"2"
"AHPS0102008";"VARIO GR POLO SHIRT";"150000";"17";"5";"1"
"AHPT0001003";"KNEE PROTECTOR";"625000";"17";"5";"1"
"AHTP0001010";"GTR Cap";"85000";"17";"5";"1"
"AHTP0001012";"HONDA CRF SNAPBACK";"100000";"17";"5";"1"
"AHTS0001030";"Sporty Red T-Shirt (S)";"110000";"17";"5";"1"
"AHTS0001031";"Sporty Stripe T-Shirt (S)";"110000";"17";"5";"1"
"AHTS0001034";"STREET BLACK T-SHIRT";"110000";"17";"5";"1"
"AHTS0002014";"CB150R T-SHIRT BLACK";"100000";"17";"5";"4"
"AHTS0003015";"VARIO RTP T-SHIRT";"108000";"17";"5";"1"
"AHTS0003021";"BEAT BL PIXEL T-SHIRT";"110000";"17";"5";"2"
"AHTS0101018";"Sonic Grey T-Shirt-M";"80000";"17";"5";"1"
"AHTS0101021";"BEAT COMIC T-SHIRT";"110000";"17";"5";"2"
"AHTS0101024";"GTR Navy T-Shirt (M)";"110000";"17";"5";"1"
"AHTS0101025";"GTR Black T-Shirt (M)";"110000";"17";"5";"1"
"AHTS0101030";"Sporty Red T-Shirt (M)";"110000";"17";"5";"1"
"AHTS0101031";"Sporty Stripe T-Shirt (M)";"110000";"17";"5";"1"
"AHTS0101034";"STREET BLACK T-SHIRT";"110000";"17";"5";"1"
"AHTS0102018";"Sonic Blue T-Shirt-M";"80000";"17";"5";"1"
"AHTS0102021";"BEAT WH PIXEL T-SHIRT";"110000";"17";"5";"2"
"AHTS0103021";"BEAT BL PIXEL T-SHIRT";"110000";"17";"5";"2"
"AHTS0201018";"Sonic Grey T-Shirt-L";"80000";"17";"5";"1"
"AHTS0201022";"CBR Headlight T-Shirt -";"110000";"17";"5";"1"
"AHTS0201026";"GTR Long Sleeve T-Shirt";"125000";"17";"5";"1"
"AHTS0201030";"Sporty Red T-Shirt (L)";"110000";"17";"5";"1"
"AHTS0201031";"Sporty Stripe T-Shirt (L)";"110000";"17";"5";"1"
"AHTS0202021";"BEAT WH PIXEL T-SHIRT";"110000";"17";"5";"1"
"AHTS0301030";"SPORTY RED T-SHIRT W";"110000";"17";"5";"1"
"AHTS0301031";"SPORTY STRIPE T-SHIRT";"110000";"17";"5";"1"
"AHTS0401030";"Sporty Red T-Shirt W - M";"110000";"17";"5";"1"
"AHTS0401031";"Sporty Stripe T-Shirt W -";"110000";"17";"5";"1"
"ALF6201RS";"BEARING BALL (SET)";"39000";"17";"5";"2"
"ALF6301RS";"BEARING BALL (SET)";"47500";"17";"5";"6"
"HB6202";"BEARING,BALL";"17000";"17";"5";"3"
"HB6203RS";"BEARING,BALL";"25000";"17";"5";"1"
"HB6301RS";"BEARING,BALL";"24000";"17";"5";"8"
"HB6304";"BEARING,BALL";"31000";"17";"5";"12"
"HBF50ML";"BRAKE,FLUID";"6500";"17";"5";"13"
"HGB5GR";"MASTER CYL & CLPR";"13000";"17";"5";"4"
"HIC60ML";"HONDA INJECTOR";"25000";"17";"5";"1"
"HPC480ML";"HONDA PARTS CLEANER";"35000";"17";"5";"1"
"LF6201";"BEARING RADIAL BALL";"18000";"17";"5";"6"
"LF6203RS";"BRG BALL RADIAL";"25000";"17";"5";"5"
"LF6204";"BEARING RADIAL BALL";"32000";"17";"5";"5"
"LF6301";"BEARING RADIAL BALL";"21000";"17";"5";"4"
"LF6302RS";"BEARING RADIAL BALL";"36500";"17";"5";"5"
"SS8175ML";"OIL SHOCK";"25300";"17";"5";"18"
"961506303010";"bearing ball";\N;\N;\N;"2"
"06535041010";"Race Streering Kit";\N;\N;\N;"6"
"14126KPH901";"SPG Plunger ";\N;\N;\N;"1"
"31500KCJFMO";"BATTERY GM78-4B";\N;\N;\N;"2"
"53205K46N00CSR";"Cover Hndle";\N;\N;\N;"1"
"53205K25900CSR";"COVER HDL FR(CN SC RD) ";\N;\N;\N;"1"
"53205KPH700FMB";"Cover HDL FR BLACK";\N;\N;\N;"1"
"53205KPH700FMH";"Cover HDL FR Silver";\N;\N;\N;"1"
"53205KTL690FMB";"Cover Holder FR ( BK )";\N;\N;\N;"1"
"53205KVB930DSM";"";\N;\N;\N;"1"
"53205KVBT00dsm";"cover hndl";\N;\N;\N;"1"
"53206KVBN50DSM";"Cover HDL RR";\N;\N;\N;"1"
"53207KVLN01PFY";"CVR, SPDMTR ( PL FL YL )R";\N;\N;\N;"1"
"53207KVLN01FMB";"COVER SPDMTR(BK)-R ";\N;\N;\N;"1"
"53208KYT900TBT";"Garnish L Handle Tibent";\N;\N;\N;"1"
"61100KEH930FMM";"Fender FR ( Blue )";\N;\N;\N;"1"
"61100KVY960FMB";"Fender Fr";\N;\N;\N;"1"
"61100KVY960PPM";"Fender FR";\N;\N;\N;"2"
"61100KVY960ABM";"FENDER FR(AS BL MT) ";\N;\N;\N;"1"
"61100KWWA00FMB";"Fender A FR ( BK )";\N;\N;\N;"1"
"64301k46n00csr";"";\N;\N;\N;"1"
"64320KTL690FMB";"Cover Muffler";\N;\N;\N;"1"
"64395KWC900CSR";"Cover Uti Lid ( CN SC Rd )";\N;\N;\N;"1"
"64400KVLN00FMB";"Cover R M/P SD BK ";\N;\N;\N;"1"
"64405KVLN00FMB";"Louver RR ( BK )";\N;\N;\N;"1"
"64410KWWA00FMB";"CVR R Body  ( BK )";\N;\N;\N;"1"
"64420KWWA00CSR";"Cover L Body CN CS RD";\N;\N;\N;"1"
"64430KTL690FMH";"Legshield R ";\N;\N;\N;"1"
"64455KVLN00FMB";"Lower L BK ";\N;\N;\N;"1"
"64500KWB920FMB";"Cover FR Top ( BK )";\N;\N;\N;"1"
"64501K46N00CSR";"CVR F FR";\N;\N;\N;"1"
"64601K46N00CSR";"";\N;\N;\N;"1"
"81131KYT900PFW";"Cover Inner Rack (PL FD WH )";\N;\N;\N;"1"
"83500K25900CSR";"Cover R Body";\N;\N;\N;"1"
"83500K25900FMB";"COVER R BODY(BLK) ";\N;\N;\N;"1"
"83500K81N00FMB";"COVER R BODY (BLK) ";\N;\N;\N;"1"
"83500KVY960PPM";"CVR, R Body ( PD PK M )";\N;\N;\N;"1"
"83510KWC900DSM";"Cowl RR Center ( SILVER )";\N;\N;\N;"1"
"83510KWC900CSR";"Cowl RR Center ( Rd )";\N;\N;\N;"1"
"83600K25900pfw";"";\N;\N;\N;"1"
"871X0K16A10ZCL";"";\N;\N;\N;"1"
"871X0K16A10ZCR";"";\N;\N;\N;"1"
"871X0K25900ZCR";"";\N;\N;\N;"1"
"871X0K46N00ZBL";"";\N;\N;\N;"1"
"871X0K46N00ZBR";"";\N;\N;\N;"1"
"871X0KVBN60ZBL";"";\N;\N;\N;"1"
"871X0KVY600ZAL";"";\N;\N;\N;"1"
"871X0KVYB10ZBL";"";\N;\N;\N;"1"
"871X0KVYB10ZBR";"";\N;\N;\N;"1"
"871X0KWC910ZBL";"";\N;\N;\N;"1"
"871X0KWC910ZBR";"";\N;\N;\N;"1"
"871X0KWWA10ZCL";"";\N;\N;\N;"1"
"871X0KZS930ZAL";"";\N;\N;\N;"1"
"871X0KYZ710ZAL";"STRIPE RED BLACK L";\N;\N;\N;"1"
"871X0KYZ710ZAR";"STRIPE RED BLACK R";\N;\N;\N;"1"
"871X0KYT940ZCL";"STRIPE VIOLET WHITE L ";\N;\N;\N;"1"
"871X0KYT940ZCR";"STRIPE VIOLET WHITE L ";\N;\N;\N;"1"
"88110KYT940FMB";"MIRROR ASSY R BLACK ";\N;\N;\N;"2"
"88120KYT940FMB";"MIRROR ASSY L BLACK ";\N;\N;\N;"2"
"88120KTM780FMB";"MIRROR ASSY L BLACK ";\N;\N;\N;"1"
"082342MBK0JN0";"SPX2 800";\N;\N;\N;"49"
"0800AK93AWHISP";"KITA NEW SCOOPY SPORTY WHITE ";\N;\N;\N;"1"
"0800AK93ABRWST";"KITA NEW SCOOPY STYLISH BROWN ";\N;\N;\N;"1"
"87100AHARWBXL";"";\N;\N;\N;"1"
"871X0K56A00MGT";"STICKER FR FENDER MAGENTA";\N;\N;\N;"1"
"871X0K56A00RED";"STICKER FR FENDER RED ";\N;\N;\N;"1"
"871X0K56A00WHI";"STICKER FR FENDER WHITE ";\N;\N;\N;"1"
"871X0K93A00WHI";"WHEEL STICKER WHT ";\N;\N;\N;"1"
