06141GN5505;CAM CHAIN KIT
06141KRS505;CAM CHAIN KIT
06141KVB505;CAM CHAIN KIT
06141KWB505;CAM CHAIN KIT
061A1KEH003;GASKET KIT A
061A1KFL003;GASKET KIT A
061A1KPH003;GASKET KIT A
061A1KVY003;GASKET KIT A
061B1KEH003;GASKET KIT B
061B1KFL003;GASKET KIT B
061B1KPH003;GASKET KIT B
061B1KVY003;GASKET KIT B
06381KPH900;ROD KIT CONNECTING
06401K15900;DRIVE CHAIN KIT
06401K18900;DRIVE CHAIN KIT
06401K41N01;DRIVE CHAIN KIT
06401K45N01;DRIVE CHAIN KIT
06401K56N00;DRIVE CHAIN KIT
06401KCJ691;DRIVE CHAIN KIT
06401KEV881;DRIVE CHAIN KIT
06401KPH881;DRIVE CHAIN KIT
06401KTL700;DRIVE CHAIN KIT
06401KWB900;DRIVE CHAIN KIT
06401KWC900;DRIVE CHAIN KIT
06401KWW900;DRIVE CHAIN KIT
06401KYZ900;DRIVE CHAIN KIT
06435K07901;PAD SET RR
06435K56N01;PAD SET, RR.
06435KPP901;PAD SET RR
06435KSPB01;PAD SET RR
06455K56N01;PAD SET, FR. BRAKE
06455KPP901;PAD SET FR
06455KPPN01;PAD SET FR
06455KR3404;PAD SET FR (NA)
06455KVB401;PAD SET FR (NA)
06455KVBT01;PAD SET FR
06455KVY911;PAD SET FR
06455KWB601;PAD SET FR
06455KWC901;PAD SET FR
6535041010;RACE STEERING KIT
06535GN5505;RACE STEERING KIT
06535KTR900;RACE STEERING KIT
0702S002000IN;O2 SENSOR WRENCH
070MAK640100;FORK BOLT WRENCH 41
070MFMBZC110;SPRING COLLAR
070MFMBZC130;STOPPER PLATE
074060050000IN;Fuel Pump Remover
07TMDGBF0100;FORK SEAL DRIVER 38
08CLAH50500;HONDA M/C GENUINE
1110-94;SPOKE SET
11103KVB930;RUBBER BUSH ENG.
11108KVB900;PLATE BEARING SET
11203KVB901;UNDER RUBBER BUSH
11330KYE900;COVER COMP. R CRANK
11341KVY960;COVER L CRANK CASE
11370K07900;PROTECTOR COMP R
11370KPH880;PROTECTOR R COVER
11393KGH901;GASKET R COVER
11393KWK900;GASKET R COVER
11395KGH901;GASKET L COVER
11395KVY901;GASKET L COVER
11395KWK900;GASKET L COVER
12191GGC900;GASKET CYLINDER
12191K44V00;GASKET, CYLINDER
12191KCN001;GASKET CYLINDER
12191KVB901;GASKET CYLINDER
12191KYZ900;GASKET CYLINDER
12251KVY901;GASKET CYLINDER
12361035000;CAP TAPPET
12391GGC900;GASKET HEAD COVER
12391KRM840;GASKET HEAD COVER
12391KWN900;GASKET,HEAD COVER
12391KWWA80;GASKET, HEAD COVER
1300AKVY960;CRANKSHAFT ASSY
1300AKZLC30;CRANKSHAFT ASSY
1300AKZR600;CRANKSHAFT ASSY
13031K59A10;RING SET PISTON (0.50)
13103K36T00;PISTON (0.50)
13103K44V00;PISTON (0.50)
13111440001;PIN PISTON
13115GN5911;13115GN5910
131A2KPH881;PISTON KIT (0,25)
131A2KRM305;PISTON KIT (0.25)
131A3KFV951;PISTON KIT (0.50)
131A3KRM305;PISTON KIT (0.50)
131A3KVB930;PISTON KIT (0,50)
131A3KWB920;PISTON KIT (0,50)
131A3KWN902;PISTON KIT (0.50)
131A3KZL305;PISTON KIT (0.50)
14126KPH901;SPG .PLUNGER
14401K18901;CHAIN, CAM(94L) (FS)
14401K56N01;CHAIN CAM(120L)
14401KPH901;CHAIN CAM
14401KPPT01;CHAIN,CAM
14401KVB901;CHAIN CAM DID SCR-
14401KYZ900;CHAIN CAM 88L
14431KGH900;ARM,VALVE ROCKER
14500KYZ900;ARM COMP CAM CHAIN
14502086001;ROLLER CAM CHAIN
14510K56N00;TENSIONER COMP CAM
14510KZR600;TENSIONER ASSY., CAM
14541GB4682;SPRING TENSIONER
1455AKTL6B0;PUSH ROD ASSY
14610086113;GUIDE CAM CHAIN
14610KWB600;ROLLER CAM CHAIN
14611KVB900;GUIDECAM CHAIN
14711KPH900;VALVE,INLET
14721KPH880;VALVE, EXHAUST
15133KPH900;GEAR, OIL PUMP DRIVEN
15133KVB900;GEAR OIL PUMP DRIVEN
15133KVY900;GEAR OIL PUMP DRIVEN
16016KVBS51;SCREW SET
16046KVY902;BY STARTER ASSY AUTO
16111KVB903;PISTON COMP VACUUM
16700K15306;UNIT ASSY FUEL PUMP
16700K16305;UNIT ASSY,FUEL PUMP
16700K18305;UNIT ASSY,FUEL PUMP
16700K45N01;PUMP ASSY FUEL
17110KPH880;PIPE INLET COMP
17210K03N30;ELEMEN COMP, AIR/C
17210K16900;ELEMENT COMP., AIR
17210K56N00;ELEMENT COMP AIR
17210KPH900;ELEMENT COMP A/C
17210KVB930;ELEMENT COMP A/C
17210KVY960;ELEMENT COMP A/C
17210KWB920;ELEMENT COMP A/C
17210KWC900;ELEMENT COMP A/C
17210KYZ900;ELEMENT COMP, AIR/C
17210KZLA00;ELEMENT COMP A/C
17210KZR600;ELEMENT COMP, AIR
17211K15900;ELEMENT COMP,AIR/C
17211K18900;ELEMENT COMP., A/C
17211KYE900;ELEMENT COMP A/C
17245K16900;COVER SUB ASSY., AIR
17518GGLJ00;DUST SEAL
17572GGLJ00;O-RING, FUEL PUMP
17620KGH600;CAP FUEL FILLER
17910K15901;CABLE COMP THROT
17910K16901;CABLE COMP THROTTLE
17910K18901;CABLE COMP A THROT
17910K18902;CABLE COMP. A,
17910KEV621;THROTTLE CABLE
17910KSPB01;CABLE COMP,THROT
17910KTL691;THROTTLE CABLE
17910KTM780;CABLE COMP, THROT
17910KTM850;CABLE COMP THROTTLE
17910KVB904;CABLE COMP THROTTLE
17910KVG901;CABLE COMP THROTTLE
17910KWB920;CABLE COMP, THROT
17910KWC900;CABLE COMP,THROT
17910KWWA00;CABLE COMP, THROT
17910KWWA81;CABLE COMP., THROT
17910KZR601;CABLE COMP THROTTLE
17920K15901;CABLE COMP B THROT
17920K18901;CABLE COMP B THROT
17950KFLD00;CABLE COMP, CHOKE
17950KWB920;CABLE COMP, CHOKE
18318K16A00ZA;PROTECTOR MUFFLER
18318K25900;PROTECTOR, MUFFLER
18318K59A10;PROTECTOR, MUFFLER
18318K61900ZA;PROTECTOR, MUFFLER
18318K81N00ZA;PROTECTOR MUFFLER
18318KVBN50;PROTECTOR A MUFFLER
18318KVY901;PROTECTOR MUFFLER
18318KZL930;PROTECTOR MUFFLER
18318KZR600;PROTECTOR, MUFFLER
18805KVY900;ELEMENT ASV A/C
19104KVB930;CAP RESERVE TANK
19216KVB900;GASKET STATOR BASE
19217MAL300;SEAL MECHANICAL
19505KGH901;HOSE C RADIATOR
19742KZL930;CAP L. COVER
22011GCC770;PIECE SLIDE
22100K25900;OUTER COMP CLUTCH
22100KVB900;OUTER COMP CLUTCH
22100KVY900;OUTER COMP CLUTCH
22102KVY900;FACE DRIVE
22102KZL930;FACE, DRIVE
22105KVB900;BOSS DRIVE FACE
22105KVY960;BOSS DRIVE FACE
22105KZLC00;BOSS, DRIVE FACE
22110GFM960;FACE COMP., MOVABLE
22110KVB900;FACE COMP MOVEABLE
22110KVY900;FACE COMP MOVEABLE
22113GFM970;FINDRIVE FACE
22121KCS651;CENTER CLUTCH
2212AK36T00;ROLLER WEIGHT SET
2212AK44V00;ROLLER WEIGHT SET
2212AKVB900;ROLLER WEIGHT SET
2212AKVY900;ROLLER WEIGHT SET
2212AKWN900;ROLLER WEIGHT SET
22131KWN900;PLATE,RAMP
22132GCC771;PIECE SLIDE
22132KWN900;PIECE,SLIDE
22201107001;DISK CLUTCH
22201166001;DISK CLUTCH
22201K56N01;DISK CLUTCH FRICTION
22201KGH601;DISK CLUTCH FRICTION
22201KPH901;DISK CLUTCH FRICTION
22201KPM850;DISK CLUTCH FRIC
22201KWWA01;DISK CLUTCH FRICTION
22201KYZ901;DISK CLUTCH FRICTION
22201MJ8001;DISK CLUTCH FRICTION
22201MR8001;DISK CLUTCH FRICTION
22321KWW742;PLATE, CLUTCH
22350107011;PLATE PRESSURE
22350KVY900;PLATE COMP DRIVE
22401KCJ711;SPRING CLUTCH
22401KPP901;SPRING,CLUTCH
22401KVB900;SPRING CLUTCH
22401KVY900;SPRING CLUTCH
2251725017NR00;TUBE TIRE (225/250-17)
22530KPH900;WEIGHT PRIM CLUTCH
22535K44V00;WEIGHT SET CLUTCH
22535K81N00;WEIGHT SET CLUTCH
22535KVB900;WEIGHT SET CLUTCH
22535KVY900;WEIGHT SET CLUCTH
22535KWN901;WEIGHT SET CLUTCH
22535KZLA00;WEIGHT SET CLUTCH
22804148000;RUBBER CLUTCH
22804GB2880;RUBBER CLUTCH
22870K15900;CABLE COMP CLUTCH
22870K15920;CABLE COMP., CLUTCH
22870K56N00;CABLE COMP., CLUTCH
22870K56N10;CABLE COMP CLUTCH
22870KCJ650;CABLE COMP,CLUTCH
22870KCJ660;CABLE COMP CLUTCH
22870KCJ690;CABLE COMP,CLUTCH
22870KCJ760;CABLE COMP,CLUTCH
22870KEH600;CABLE COMP CLUTCH
22870KEH900;CABLE COMP,CLUTCH
22870KEH930;CABLE COMP,CLUTCH
22870KWC900;CABLE COMP,CLUTCH
22870KYE900;CABLE COMP,CLUTCH
23100K35V01;BELT DRIVE
23100K36J02;BELT DRIVE
23100K44V01;BELT DRIVE
23100KVB901;BELT DRIVE
23100KVBBA0;BELT DRIVE KIT
23100KVYBA1;BELT DRIVE KIT
23100KZLBA0;BELT DRIVE KIT
23100KZR601;BELT, DRIVE
23100KZRBA0;BELT DRIVE KIT
23200KVB900;DRIVEN FACE ASSY
23205GGC900;FACE SET DRIVEN
23205KVY900;FACE SET DRIVEN
23224KVY900;FACE SET MOVEABLE
23224KZL930;FACE SET, MOVABLE
23233GCC000;SPG DRIVEN FACE
23237GCCC50;COLLAR SEAL
23238GCC000;COLLAR SPG
23411KVG900;SHAFT DRIVE (18T)
23411KVY900;SHAFT DRIVE
23411KZL930;SHAFT,DRIVE
23411KZR600;DRIVESHAFT(17T)
23421KVB900;SHAFT COUNTER (12T)
23421KZL930;SHAFT, COUNTER(12T)
23422KWN901;23422KWN900
23801KK1011;SPROCKET DRIVE
24435KPK900;24435KPK901
24610KPP900;SPINDLE COMP,GEAR
24641KBP900;SP.GRSHFT.ARM
24651KSP910;SPRING GEAR SHIFT
2751430014NR0;44712KZT901
2751700000NR00;TUBE TIRE (2.75-17)
28120KVB901;PINION ASSY START
28223GCC000;SPRING KICK DRIVEN
28223KZL840;SPRING KICK DRIVEN
28230KVB902;GEAR COMP KICK
28230KZL840;GEAR COMP. KICK
28230KZR600;GEAR COMP., KICK
28250KVB902;SPINDLE COMP KICK
28250KZR600;SPINDLE COMP., KICK
28281KWB600;SPG KICK RETURN
28300KVB900;ARM ASSY KICK
28333300000;SPRING KICK STARTER
30410KVY960;CDI UNIT
30500K07901;COIL ASSY IGN
30500KPH900;COIL ASSY IGN
30510KZR601;COIL COMP., IGNITION
30700K13900;CAP ASSY NOISE
30700KPH881;CAP ASSY NOISE
30700KSPB01;CAP NOISE ASSY
30700KVB931;CAP ASSY NOISE
30700KVY961;CAP ASSY NOISE
30700KWN982;CAP ASSY NOISE
30700KWW641;CAP ASSY NOISE
30700KZL931;CAP ASSY NOISE
30700KZLA01;CAP ASSY NOISE
31120K25902;STATOR COMP (DS)
31120KVB931;STATOR COMP
31120KVY961;STATOR COMP
31120KWWA81;STATOR COMP
31120KYE902;STATOR COMP
31213KEE630;BRACKET COMP FR
31500KCJFM0;BATTERY GM7B-4B
31500KPH881;BATTERY GTZ5S GS
31500KWWA02;BATTERY YTZ4-V
31500KZR601;BATTERY YTZ6-V
31500KZR602;BATTERY(GTZ6V)
31600KRS971;REGULATOR REC COMP
31600KTMN01;REGULATOR REC COMP
31600KVBN51;REGULATOR REC COMP
31600KWW641;REG RECT COMP
31916KRM841;SPARK PLUG CPR8EA-9
31916KWB601;SPARK PLUG CPR6EA-
31926KRM842;SPARK PLUG CPR9EA-9
31926KWB601;SPARK PLUG U20EPR9S
31926KYT902;SPARK PLUG U27EPR-9
31928MFFD01;SPARK PLUG U24EPR9
33100K16A01;LIGHT ASSY, HEAD
33100K61900;HEADLIGHT ASSY
33110K81N01;UNIT HEAD LIGHT
33110KVBN51;HEADLIGHT UNIT
33110KVY961;HEADLIGHT UNIT
33130KEV601;SOCKET COMP
33130KVY961;SOCKET COMP
33301K07901;BULB POSITION
33400K81N01;WINKER ASSY R FR
33400KTM850;WINKER ASSY R FR
33400KVB931;WINKER ASSY R FR
33400KVY961;WINKER ASSY R FR
33402KTL691;LENS WINKER R FR
33450K15901;WINKER ASSY L FR
33450K81N01;WINKER ASSY L FR
33450KVB931;WINKER ASSY L FR
33452KTL691;LENS WINKER L FR
33650K15921;WINKER ASSY,L RR
33650KYE901;WINKER ASSY,L RR
33701K25901;LENS COMP., TAILLIGHT
33701KTL691;LENS TAILLIGHT
33701KWWA01;LENS COMB RR
33703KTL691;LENS WINKER R RR
33703KVLN01;LENS COMB TAILLIGHT
33704KVLN01;BASE COMP TAILLIGHT
33704KWWA01;BASE COMP TAILLIGHT
3370AKZR602;LIGHT REAR COMB SET
34901K18901;BULB,HEAD LIGHT
34901KC5003;BULB HEADLIGHT
34901KFVB51;BULB HEADLIGHT (12V
34901KPH881;BULB HEADLIGHT
34901KVBT01;BULB HEADLIGHT
34901KWR004;BULB HEADLIGHT
34901KZL841;BULB, HEADLIGHT(12V
34905GM9003;BULB WINKER
34905KANW01;WB BULB (12V10W-
34906GB6921;BULB TAILLIGHT
34906KET940;BULB TAILLIGHT
34908GA7701;BULB W BASE
34930KWA930;BULB (12V10W)
35010KPH900;KEY SET
35010KVY960;KEY SET
35150K18901;SWITCH ASSY.,
35150KPH880;SWITCH UNIT LIGHTING
35160KPH881;SWITCH UNIT START
35160KWWA01;SWITCH UNIT START
35170K46N01;SWITCH UNIT DIMMER
35170K59A11;SWITCH UNIT DIMMER
35170KPH651;SWITCH UNIT DIMMER
35170KWWA01;SWITCH UNIT DIMMER
35170KYZ901;SWITCH UNIT DIMMER
35180KPH881;SWITCH UNIT HORN
35180KWWA01;SWITCH UNIT HORN
35190KWN902;SW UNIT, IDLE
35200K03N31;SW UNIT,WINKER
35200K47N01;SWITCH UNIT, WINKER
35200KPH901;SWITCH UNIT WINKER
35200KVB851;SWITCH UNIT WINKER
35200KVB900;SWITCH UNIT WINKER
35200KWWA01;SWITCH UNIT WINKER
35200KYZ901;SWITCH UNIT WINKER
35340GW3980;SWITCH FR STOP
35345GW0900;SWITCH FR STOP
35700KVY900;SWITCH ASSY SIDE
35850K18901;SWITCH ASSY.,
36532K18901;SENSOR OXYGEN
37100KCJ691;METER ASSY,COMB
37200K16A01;SPEEDOMETER ASSY.
37200KWW911;SPEEDOMETER ASSY
37211KVB901;LENS
37211KVBT01;LENS
37224KWWA01;SOCKET COMP
37800K03H01;FUEL UNIT
37800K16901;FUEL UNIT
37800KCJ661;FUEL UNIT
37800KPH901;FUEL UNIT
37800KVB931;FUEL UNIT
37800KVY961;FUEL UNIT
37800KWB920;FUEL UNIT
37800KWWA81;FUEL UNIT ASSY
37800KZR601;FUEL UNIT
38110KTM851;HORN COMP (HIGH)
38300KRS971;RELAY ASSY WINKER
38301K16901;RELAY COMP WINKER
38301KPH881;RELAY COMP WINKER
38501KVB901;RELAY COMP,START
38501KVZ631;RELAY COMP,START
38770K33N03;UNIT COMP PGM-FI
40510K15920;CASE,DRIVE CHAIN
41201GN5900;SPROCKET DRIVEN
41201KPH882;SPROCKET DRIVEN 35T
41241307012;DAMPER,RR WHEEL SET
41241GB4770;DAMPER RR SET
41241KFL851;DAMPER,RR WHEEL SET
41241KSP900;DAMPER RR WHEEL
41241KW7882;DAMPER,RR WHEEL SET
41241KWB602;DAMPER,RR WHEEL SET
42301KWB600;AXLE RR WHEEL
42701KVG900;RIM RR WHEEL
42711K46N00;TIRE RR (90/90-
42711K56N00;TIRE, RR
42711K59A12;TIRE RR (90/90-14
42711KPPT01;TIRE, RR (130/70-17 T/L)
42711KTM850;TIRE, RR (80/90-17
42711KVB931;TIRE, RR.
42711KWB922;TIRE, RR (80/90-17
42711KWW010;TIRE, RR (80/90-17
43120362001;BRAKE SHOE (NA)
43125KGA902;SHOE COMP BRAKE (NA)
43125KPH903;SHOE COMP BRAKE (NA)
43130KZL930;BRAKE SHOE
43351KTMN31;DISK RR BREAKE
43450K46N01;CABLE COMP RR BRK
43450KVB930;CABLE COMP,RR BRK
43450KVY900;CABLE COMP,RR BRK
43450KZR611;CABLE COMP RR BRK
43472KVB900;SPRING RR BRAKE ARM
43513KBP882;CAP M/C
44301GN5900;AXLE FR WHEEL
44301KVG950;AXLE FR WHEEL
44601KVB911;HUB FR WHEEL
44601KWC901;CAST, WHEEL FR (MA AX
44680KSPB00;RETAINER GEAR BOX
44711K56N00;TIRE, FR
44711K59A12;TIRE FR (80/90-14
44711KTM850;TIRE, FR (70/90-17
44711KVB931;TIRE, FR.
44711KWB922;TIRE, FR (70/90-17
44711KWW010;TIRE, FR (70/90-17
44711KYE901;TIRE, FR (80/100-17 T/L)
44712KZT901;TUBE, TIRE
44800K25900;BOX ASSY.,
44800KVB910;BOX SPEEDOMETER
44800KWW650;GEAR BOX ASSY SPDMT
44830KCJ650;CABLE ASSY.,SPDMT
44830KEV651;SPEEDOMETER CABLE
44830KEV881;SPEEDOMETER CABLE
44830KTL690;CABLE COMP
44830KTM880;CABLE COMP, SPDMT
44830KVBT00;CABLE COMP,SPDMT
44830KVY721;CABLE COMP,SPDMT
44830KW1900;CABLE,SPEEDOMTR
44830KWB940;CABLE COMP,SPDMT
44830KWWA00;CABLE COMP, SPDMT
44830KWWA82;CABLE COMP., SPDMT
45120001011;BRAKE SHOE (NA)
45251K15901;DISK FR BRAKE (SS)
45251KPH881;DISK FR BRAKE
45251KWB921;DISK FR BRAKE
45351KVBS02;DISK FR BRAKE
45530471831;CYLINDER SET,MAS
45530KET920;CYLINDER SET MASTER
45530KVY911;CYLINDER SET MASTER
46500K07900;PEDAL COMP. BRAKE
50260K15900ZD;SHROUD R(BLK)
50290KCJ650;SHROUD L INNER
50352KVB900;RUBBER LINK STOPPER
5038AKVBN50;BOX ASSY BATTERY
50415KYT940;CAP REAR GRAB END
50503KVY900;SHAFT MAIN STAND
50520KVB900;SPRING MAIN STAND
50603033010;PIN,STEP BAR JOINT
50605KVLT30;HOLDER R PILLION STEP
50610K15900;RUBBER,MAIN STEP
50613K15900;PLATE, STEP SETTING
50614K15900;PLATE,MAIN STEP CLICK
50650KGH600;HOLDER R MAIN STEP
50661KW7901;RUBBER MAIN STEP
50706K41N00ZA;GUARD L PIVOT COVER
51400K81N01;FORK ASSY R FRONT
51401KPH971;SPRING FR FORK
51401KVB901;SPRING FR
51401KVBT01;SPRING FR FORK
51401KWW641;SPRING FR FORK
51401KYE901;SPRING FR FORK
51401KZLA01;SPRING FR FORK
51410K15901;PIPE COMP FR FORK
51410K18901;PIPE COMP FR FORK
51410K45N01;PIPE COMP FR FORK
51410KTM881;PIPE COMP FR FORK
51410KVB901;PIPE COMP FR FORK
51410KVY731;PIPE COMP FR FORK
51410KYE901;PIPE COMP FR FORK
51410KZLA01;PIPE COMP FR FORK
51420KVY871;CASE R FR BOTTOM (MA
51420KZR600;CASE R FR BOTTOM
51425GN5901;DUST SEAL FR FORK
51490GAA305;SEAL SET FR FORK
51490GN5305;SEAL SET FR FORK
51490KC5305;SEAL SET FR FORK
51490KGH902;SEAL SET FR FORK
51490KRM852;SEAL SET FR FORK
51500K81N01;FORK ASSY L FRONT
52141KSP900;COLLAR SWINGARM
52144GC4003;DUST SEAL, 31X40.5X7.
52400K41N11;CUSHION ASSY RR
52400KEV882;CUSHION ASSY RR
52400KPH720;CUSHION ASSY RR
52400KVY961;CUSHION ASSY RR
52400KZLA01;CUSHION ASSY RR
52400KZR600;CUSHION ASSY RR
5240AKTM850ZB;CUSHION ASSY RR (SET)
53100K15900;PIPE STRG HANDLE
53100K25910;PIPE COMP STEERING
53100KVBN60;PIPE COMP STRG HDL
53100KWB920;PIPE COMP STRG
53100KZR600;PIPE COMP STRG HAND
53105KRC900;ENDSTRG HDL
5310BK25900;PIPE ASSY STRG
53130K15900;53130K15900ZB
53140K03N30;GRIP COMP, THROT
53140K18900;GRIP COMP., THROTTLE
53140KVB900;GRIP COMP THROT
53140KVBT00;GRIP COMP THROT
53166K07900;GRIP L HDL
53166K18900;GRIP, L. HANDLE
53166KVB900;GRIP L HDL
53166KWB600;GRIP L HDL
53172KT7750;BRACKET L HDL
53175K81N31;LEVER, R. STEERING
53175KEH601;LEVER R STRG HDL
53175KET920;LEVER R HANDLE
53175KRST80;LEVER R STRG HDL
53175KSPB51;LEVER R STRG HNDL
53175KVB930;LEVER R STRG HANDLE
53175KVGA21;LEVER R STRG HDL
53175KWN901;LEVER,R STRG HNDL
53178K25910;LEVER L STRG HANDLE
53178K59A10;LEVER L,STRG HANDLE
53178KEH601;LEVER COMP L HDL
53178KVB900;LEVER L STRG HDL
53178KVB930;LEVER L STRG HDL
53178KVBN60;LEVER L STRG HANDLE
53178KVGA20;LEVER,L STRG HANDLE
53178KWC900;LEVER L STRG HDL
53178KWN930;LEVER,L STRG HANDLE
53178KYT900;LEVER L STRG HDL
53199KVG910;SPRING BRAKE LEVER
53200KVY720;STEM COMP STRG (BLK)
53203K07900ZD;COVER R HDL TOP(AF
53204K07900ZD;COVER L HDL TOP(AF
53204K81N00;FM COVER SPDT (BLK)
53205K25900CSR;COVER HDL FR(CN SC
53205K46N00CS;COVER HDL FR(CN SC
53205K81N00W;COVER HDL FR (WN RD)
53205KPH700FM;COVER HDL FR(BLACK)
53205KPH700FM;COVER HDL FR(SLV)
53205KTL690FM;COVER HDL FR(BLK)DR
53205KVB930DS;COVER HDL FR (DG SL
53205KVBT00DSM;COVER HDL FR(DG SL
53206K59A10ZA;COVER HDL. RR.
53206KVBN50DS;COVER HDL RR(DG SL
53206KWB920;COVER ASSY HDL RR
53206KWC900;COVER HDL LWR
53207KVLN01FMB;COVER SPDMTR(BK)-R
53207KVLN01PF;COVER SPDMTR(PL FL
53208KYT900TBT;GARNISH L HDL(TI BE
53209GAH000;CLIP HEADLIGHT
5320BKVB930;COVER ASSY HDL RR
53219K81N00;STEM SUB ASSY STR
53220GN5900;THREAD HEAD TOP
61100K15900ZD;FENDER FR(CN PM RD)
61100K16900ZP;FENDER FR(CN SC RD)
61100K25900ZA;FENDER FR(CN SC RD)
61100K46N00ZB;FENDER FR(PL FD WH)
61100K61900ZC;FENDER FR (BLK)
61100K81N00ZA;FENDER FR (BLK)
61100KEH930FM;FENDER FR (BLU)
61100KVY960AB;FENDER FR(AS BL MT)
61100KVY960FMB;FENDER FR(BLK)
61100KVY960PP;FENDER FR(PD PK MT)
61100KWWA00F;FENDER A FR(BK)
61311KCJ660;STAY HEADLIGHT
61313KCJ660ZA;BRACKET R HEADLIGHT
61314KCJ660ZA;BRACKET L HEADLIGHT
61315KCJ660;STAY VISOR
64100KCJ660;VISOR SET FR
64201K93N00ZM;COVER R FR GARNISH
64301K46N00CS;COVER FR TOP(CN SC
64301K93N00ZN;COVER FR TOP (RO WH)
64305K81H00ZA;COVER FR TOP GREEN
64305K81N00ZA;COVER FR TOP
64308K81N00ZA;COVER FR LOWER
6430BKVB900;COVER SET L FLOOR SD
64310KVBN50;STEP SET FLOOR
6431BK07900;COVER M/P SET
64320K46N00;COVER R FLOOR SD
64320KTL690FMB;COVER M/P UPPER(BLK)
64330K07900ZB;COVER L M/P SD(ST SL
64340K07900ZA;COVER CENTER
64340KYT900;COVER UNDER ASSY
64360K07900ZB;COVER L INNER LEG
64395KWC900C;COVER UTI LID(CN SC
64400KVLN00FM;COVER R M/P (BK)-R
64405KVLN00FM;LOUVER R(BK)
64410KWWA00F;COVER R BODY(BK)
64420KWWA00C;COVER L BODY(CN SC
64430KTL690FM;SHIELD R LEG(SLV)
64440KVLN00;COVER L FR LEG SHIELD
64455KVLN00FM;LOUVER L(BK)
64460K25600;LID,BATTERY
64470KWC900;COVER HEAD LGHT UP
64500KWB920F;COVER FR TOP(BK)
64501K46N00CS;COVER R FR(CN SC RD)
64560K03N30ZA;COVER R BODY LWR
64601K46N00CS;COVER L FR(CN SC RD)
77200KWWA40;SEAT ASSY DOUBLE
80102KVY960;COVER RR CUSH
8010AK03N30ZA;FENDER RR ASSY
8010AK07900;FENDER RR ASSY
8010AK15900;FENDER RR ASSY
8010AK16A00;FENDER RR ASSY
8010AK41N00ZA;FENDER RR ASSY
8010AK59A10;FENDER, REAR ASSY
8010AKYT940;FENDER RR ASSY
8010AKZR600;FENDER RR ASSY
8010BK18900;FENDER A RR SET
8010BK25600;FENDER,RR ASSY
8010BK25900ZA;FENDER RR ASSY
8010BK46N00ZA;FENDER RR ASSY
8010BKZLA00;FENDER A RR
8010CK81N00;FENDER,RR ASSY
80110KVB930;FENDER ASSY RR
80110KVY960;FENDER RR ASSY
80131KZL930;COVER L RR WINKER
80151K25900ZA;COVER CENTER
80151K81N00ZA;COVER CENTER
80151KVB900;COVER CENTER
81131K16900ZV;COVER INR RACK(BLK)
81131K25900ZB;COVER INNER UPPER
81131K59A10ZF;COVER RACK (MT GN
81131K59A10ZG;COVER RACK (PL FD
81131K81N00ZA;COVER INNER UPPERT
81131KVY900;COVER INNER UPPER
81131KYT900PF;COVER INR RACK(PL FD
81132GAH000;HOOK LUGGAGE
81134K16900YF;COVER INR UPPER (BLK)
83500K25900CS;COVER R BODY(CN SC
83500K81N00FMb;COVER R BODY (BLK)
83500KVY960PP;COVER R BODY(PD PK
83510KWC900C;COWL RR CTR(CN SC
83510KWC900D;COWL RR CTR(DG SL
83520KZL930ZA;COVER R FLOOR SD
83540KCJ660ZA;COVER R SD(SH SL MT)
83600K25900PFW;COVER L BODY(PL FD
83600K93N00ZA;COVER L BODY
83650K25900ZA;COVER L RR SIDE
871X0K16A10ZC;STRIPE CREAM RED L
871X0K16A10ZC;STRIPE CREAM RED R
871X0K25900ZC;STRIPE RED R
871X0K46N00ZB;STRIPE RED L
871X0K46N00ZB;STRIPE RED R
871X0K61BLA;STICKER BEAT POP
871X0K61RED;STICKER BEAT POP RED
871X0K61WHI;STICKER BEAT POP
871X0KVBN60ZB;STRIPE WHITE RED L
871X0KVY600ZA;STRIPE BLACK L
871X0KVY600ZE;STRIPE PINK L
871X0KVYB10ZB;STRIPE WHITE L
871X0KVYB10ZB;STRIPE WHITE R
871X0KWC910Z;STRIPE RED BLACK L
871X0KWC910Z;STRIPE RED BLACK R
871X0KWWA10Z;STRIPE RED L
871X0KWWA40Z;STRIPE BLACK RED L
871X0KYT940ZC;STRIPE VIOLET WHITE L
871X0KYT940ZC;STRIPE VIOLET WHITE R
871X0KYZ710ZA;STRIPE RED BLACK L
871X0KYZ710ZA;STRIPE RED BLACK R
871X0KZS930ZA;STRIPE BLACK RED L
88110K25900;MIRROR ASSY,R BACK
88110K61900;MIRROR ASSY,R BACK
88110KCJ690;MIRROR R BACK
88110KVY700;MIRROR ASSY R BACK
88110KWWA00;MIRROR ASSY R BACK
88110KWWA40;MIRROR ASSY R BACK
88110KYT940FM;MIRROR ASSY R BLACK
88110KZR600;MIRROR ASSY R
88120K25900;MIRROR ASSY,L BACK
88120K61900;MIRROR ASSY,L BACK
88120KCJ660;MIRROR ASSY L BACK
88120KCJ690;MIRROR L BACK
88120KTM780FMB;MIRROR ASSY L BLACK
88120KVY700;MIRROR ASSY L BACK
88120KVY960;MIRROR ASSY L BACK
88120KWWA40;MIRROR ASSY L BACK
88120KYT940FMB;MIRROR ASSY L BLACK
88120KZR600;MIRROR ASSY L
90001KVY900;BOLT FLANGE 6X10
90017GCC000;BOLT HEAD COVER
90084KCJ670;CAP A.C. GENERATOR
90108K15900;BOLT,SPECIAL 5X14
90111162000;BOLT FLANGE 6MM
90131883000;BOLT DRAIN PLUG
90191KPH4B0;SCREW OVAL 6X50
90202KN7670;NUT SPECIAL 30MM
90311K15900;COLLAR,6MM
90664KEJ900;CIRCLIP EX 53
91001KSP913;BEARING ROLLER
91002KPH901;AHB6322
91002KVY901;BRG BALL RADIAL 6007
91002KZR601;91002KZR602
91005KVB900;BEARING RADIAL BALL
91009KVB903;BRG,BALL RADIAL 60/22
91009KVY961;BRG BALL RADIAL
91071KSP901;BRG.NEEDLE 20X26X20
91109KVY901;BRG NEEDLE 20X29X18
91201GB4691;OIL SEAL, 30X42X4.5
91201GCC771;OIL SEAL 16X26X7
91201K44V01;OIL SEAL,20.8X30.5X6
91201KCW851;OIL SEAL 19.8 X 30 X 7
91202302010;OIL SEAL,13.8 X 24 X 5
91202GB4692;OIL SEAL, 18.9X28X5
91202KJ9003;OIL SEAL 20X32X6
91202KVB901;OIL SEAL 20.8X52X7.5
91202KWN902;91202KWN901
91203436004;OIL SEAL 12X24X 5
91203KSP911;OIL SEAL,14X22X5
91204K35J01;OIL SEAL 34X52X7
91204KWN901;OIL SEAL,34X52X7
91206286014;OIL SEAL, 14x28x7
91211GK8013;OIL SEAL 34X39X3
91211KN7671;SEAL DRIVEN FACE
91211PE9003;OIL SEAL, 16X26X6
91251KPH901;DUST SEAL 21 X 37 X 7
91251KZR601;DUST SEAL, 21X32X5
91252KZR601;DUST SEAL, 25X40X5
91253KZR601;DUST SEAL, 25X35X6
91254KS6003;DUST SEAL 20x26x4.5
91255KVB902;OIL SEAL 29X44X7
91372KPH900;O-RING, TAPP ADJ
92501060160A;BOLT,HEX,CAP 6X16
9410208000;WASHER,PLAIN 8MM
9420120150;PIN COTTER 2.0X15
9501421201;HOLDER A2,HANDLE
9501472102;SPRING A SIDE STAND
9,62E+11;BEARING, BALL RADIAL,
9621108000;BALL,STEEL 8
9805957927;SPARK PLUG U22FER9
9805958826;SPARK PLUG U24ESR-N
9806786871;SPARK PLUG U20EPR9
9806786881;SPARK PLUG CPR6EA9
9806958921;SPARK PLUG X24EPU9
9820041501;9820041500
9820042000;FUSE F20A (MINI)
9820042500;FUSE, MINI(25A)
ACG10GR;AHM CVT GREASE 10 GR
ACL70ML;AHM CHAIN LUBE 70 ML
AHB6302RS;BEARING BALL (SET)
AHB6322;BEARING BALL (SET)
AHB6501RS;BEARING BALL (SET)
ALF6201RS;BEARING BALL (SET)
ALF6301RS;BEARING BALL (SET)
HB6201RS;BEARING, BALL
HB6202;BEARING,BALL
AHB6301RS;BEARING,BALL
HGB5GR;MASTER CYL & CLPR
LF6201;BEARING RADIAL BALL
LF6203RS;BRG BALL RADIAL
LF6204;BEARING RADIAL BALL
LF6301;BEARING RADIAL BALL
LF6302RS;BEARING RADIAL BALL
SS8175ML;OIL SHOCK
HB6203RS;BEARING,BALL
HB6304;BEARING,BALL
HBF50ML;BRAKE,FLUID
HIC60ML;HONDA INJECTOR
HPC480ML;HONDA PARTS CLEANER
12191KVY900;GASKET CYLINDER
53206K81N00ZA;COVER HANDLE RR
61100K81N00ZC;FENDER FR (RO WH)
64301K81N00WRD;COVER FR (WN RD)
64310K81N00ZA;STEP FLOOR
8114AK81N00;COVER,INNER LOWER ASSY
08294M99Z8YN1;SCOOTER GEAR OIL
082322MAK0LN1;OLI MPX1 10W30 SL 0,8
082322MAK1LN1;OLI MPX1 10W30 SL 1L
082322MAK8LN1;OLI MPX1 10W30 SL 1,2
082322MAU0JN3;OLI MPX3 20W40 0,8L
082322MBK0LN1;OLI MPX2 10W30 SL 0,8
082342MAK0LN0;OLI SPX1 10W30 SL 0,8L
082342MAK1LN0;OLI SPX1 10W30 SL 1L
082342MAK8LN0;OLI SPX1 10W30 SLMA
082342MBK0LN0;OLI SPX2 10W30 SL 0,8L
08000K25GRED;ACC BEAT SPORT RED
08000K25SLV;ACC KIT BEAT FI SILVER
08000K45REP;PAKET ACC CBR150R
08000K59GUN;ACC KIT GUN METAL
08000KVYVRED;PAKET ACC BEAT 2
08000KZLGRED;PAKET ACC SPACY
08000KZLGSLV;PAKET ACC SPACY
08000KZRA00;ACC KIT VAR125
0800AK56F00;KITA A NEW SUPRA 150
0800AK93ABRW;KITA NEW SCOOPY
0800AK93AWHIS;KITA NEW SCOOPY
08100KVYZRED;AKSESORIS KIT BEAT
08100KVYZSLV;AKSESORIS KIT BEAT
08F44K61A00;COVER FAN POP
08F44K81AGRE;COVER FAN SPORTY
08F44KVYVSLV;GARNISH FAN SILVER
08F47KYT700C;KIT TAIL LIGHT GARN
08F47KYT720A;KIT HEAD LIGHT
08F71KWB710E;MAIN PIPE CVR GAR
08F71KWB710F;MAIN PIPE CVR GAR
08F73KWB710E;CENTER CVR GAR R/BLU
08F73KWB710F;CENTER CVR GAR L/BLU
08F81KVB710C;KEY SHUTTER CVR BLU
08F86KWB710E;HANDLE RR CVR GAR
08F86KWB710F;HANDLE RR CVR GAR
08F86KYT740X;KIT METER RING SILVER
08F88K61A00;COVER MUFFLER POP
08G00K16RCRO;ACC KIT SCOOPY GARN
08R00K56F00;HAND REST GRIP GTR
08R80K16RBLA;VISOR BLACK
08R80KWB710A;METER VISOR BLUE
08R80KYT700;KIT METER VISOR
08S10K56F00;WIND SHIELD GTR
08Z50KVY720B;BEAT MACHO BLACK
17200K25SLV;GARNISH CVR A/C
17200K61A00;COVER AIR FILTER POP
43001K56F00;HAND GUARD GTR
43111K56F00;REAR CARRIER GTR
50615K84A00;HEEL GUARD
61401K56F00;FR FORK PROTECTOR
64300K15BLA;UNDERCOWL SET
64300K16RSLV;RUBBER STEP FLOOR
64300K61A00;RUBBER STEP FLOOR
6430AK15RWH;UNDERCOWL RWHITE
6432AK45BLA;Under Grill Cover
64450K84A00;SKID PLATE
65300K81000;DOUBLE STEP FLOOR
772A0K93AWHIS;SEAT COVER WHI SP
83450K15G0BLA;Single Seat Cowl BLACK
83450K15G0WHI;Single Seat Cowl WHITE
83450K45GRED;Single Seat Cowl RED
83450K45GWHI;Single Seat Cowl WHITE
83500K45GBLA;KIT Fender Eliminator
87100AHARWBL;HELMET HRC RWB L
87100AHARWBX;HELMET HRC RWB XL
87100HFHCM;HONDA CLASSIC
87100MHRRXL;Honda RRX Helmet (L)
87100MHRRXXL;Honda RRX Helmet (XL)
87100MXCRFL;HONDA CRF HELMET (L)
87100MXCRFXL;HONDA CRF HELMET
871X0K56A00M;STICKER FR FENDER
871X0K56A00RE;STICKER FR FENDER
871X0K56A00W;STICKER FR FENDER
871X0K56FGRE;WHEEL STICKER GREY
871X0K56FYEL;WHEEL STICKER
871X0K61ARTBA;STICKER B POP ART
871X0K61ARTMA;STICKER B POP ART
871X0K61PIXBA;STICKER B POP PIXEL
871X0K61PIXRE;STICKER B POP PIXEL
871X0K6ARTBL;STICKER B POP ART
871X0K81ARED;WHEEL STICKER RED
871X0K93A00W;WHEEL STICKER WHT
871X0SPTRED;Wheel Sticker Sport Red
91600K84A00;REAR RACK
91700K84A00;BAR PAD
AHBL0001001;HONDA BALACLAVA
AHGL0101008;HRR DAILY GLOVE
AHGL0102008;HRR DAILY GLOVE RED
AHGL0201008;HRR DAILY GLOVE
AHGL0202008;HRR DAILY GLOVE RED
AHJK0101005;BEAT SUEDE HOODIE - L
AHJK0101011;HRR TOURING JACKET
AHJK0201008;Honda Leather Jacket - L
AHJK0201011;HRR TOURING JACKET
AHJK0201015;HONDA CLASSIC JACKET
AHJK0301013;Honda Touring Jacket
AHJP0001002;VARIO 125 JUMPER
AHJP0101002;VARIO 125 JUMPER
AHK00101012;HONDA RC RED SHIRT
AHK00301011;HRC SHIRT NAVY BLUE -
AHPS0001007;CBR 250 POLO SHIRT
AHPS0002007;CBR 250 POLO SHIRT W-
AHPS0102007;CBR 250 POLO SHIRT W-
AHPS0102008;VARIO GR POLO SHIRT
AHTP0001010;GTR Cap
AHTP0001012;HONDA CRF SNAPBACK
AHTS0001031;Sporty Stripe T-Shirt (S)
AHTS0001034;STREET BLACK T-SHIRT
AHTS0002014;CB150R T-SHIRT BLACK
AHTS0003015;VARIO RTP T-SHIRT
AHTS0003021;BEAT BL PIXEL T-SHIRT
AHTS0101018;Sonic Grey T-Shirt-M
AHTS0101021;BEAT COMIC T-SHIRT
AHTS0101024;GTR Navy T-Shirt (M)
AHTS0101025;GTR Black T-Shirt (M)
AHTS0101030;Sporty Red T-Shirt (M)
AHTS0101031;Sporty Stripe T-Shirt (M)
AHTS0101034;STREET BLACK T-SHIRT
AHTS0102018;Sonic Blue T-Shirt-M
AHTS0102021;BEAT WH PIXEL T-SHIRT
AHTS0103021;BEAT BL PIXEL T-SHIRT
AHTS0201018;Sonic Grey T-Shirt-L
AHTS0201022;CBR Headlight T-Shirt -
AHTS0201026;GTR Long Sleeve T-Shirt
AHTS0201030;Sporty Red T-Shirt (L)
AHTS0201031;Sporty Stripe T-Shirt (L)
AHTS0202021;BEAT WH PIXEL T-SHIRT
AHTS0301030;SPORTY RED T-SHIRT W
AHTS0301031;SPORTY STRIPE T-SHIRT
AHTS0401030;Sporty Red T-Shirt W - M
AHTS0401031;Sporty Stripe T-Shirt W -
AHK00101011;HRC SHIRT NAVY BLUE -
AHTS0001030;Sporty Red T-Shirt (S)
772A0K93A00ST;SEAT COVER STYLISH
42711kye911;tire rr (100/90-17nr25)
44711kye911;TIRE FR
50530K25900;BAR COMP SIDE STAND
5071AK25900;BAR R PILLION STEP
5071BK25900;BAR L PILLION STEP
53166KSPA70;GRIP L HDL
88110KCJ660;MORROR ASSY R BACK
9805657723;SPARK PLUG U22FSU (DS)
52400K25901;CUSHION ASSY RR
42711KYE901;TIRE.RR
64421K93N00ZM;COVER UNDER R SID (PE VI BL) 
81141K93N00ZN;COVER INR SEAT (PE VI BL) 
43251KCJ672;DISK RR BRAKE 
31500KPH882;BATTERY YTZ5-S
33110KZR601;UNIT HEAD LIGHT
06401KYE900;DRIVE CHAIN KIT
53175KVB921;LEVER R STRG HDL
16450KZR601;INJECTOR ASSY FUEL
8125AKPH880;BOX LUGGAGE ASSY
35850K15901;SW ASSY START MAG
64308KZR600ZB;CVR FR LOWER BLK
53180K25910;EQUALIZER ASSY
12251K15900;GASKET CYLINDER HEAD
14500K41N00;ARM COMP CAM CHAIN TENSIONER
14670KYZ900;ROLLER COMP CC GUIDE
91071MY1005;BRG NDL 17X24X17
81250KZR600;BOX LUGGAGE
3370AK25600;LIGHT ASSY RR COMB
64301K25600RSW;COVER FR (RO WH
6430BK25900;COVER FR LOWER ASSY
83500K25900FMB;COVER R BODY(BLK)
44800KWB600;BOX SPEEDOMETER
45351KVB931;DISK FR BRAKE
81141K81N00ZA;COVER INNER LOWER SEAT 
AHPT0001003;KNEE PROTECTOR
53100K15920ZA;PIPE STEERING HANDLE
35010K15901;KEY SET
PART001;PART001
PART001;PART001
TEST001;TEST001
